-- phpMyAdmin SQL Dump
-- version 4.0.4.2
-- http://www.phpmyadmin.net
--
-- Servidor: localhost
-- Tiempo de generación: 04-10-2018 a las 13:41:59
-- Versión del servidor: 5.5.60-0+deb8u1-log
-- Versión de PHP: 5.6.38

SET SQL_MODE = "NO_AUTO_VALUE_ON_ZERO";
SET time_zone = "+00:00";


/*!40101 SET @OLD_CHARACTER_SET_CLIENT=@@CHARACTER_SET_CLIENT */;
/*!40101 SET @OLD_CHARACTER_SET_RESULTS=@@CHARACTER_SET_RESULTS */;
/*!40101 SET @OLD_COLLATION_CONNECTION=@@COLLATION_CONNECTION */;
/*!40101 SET NAMES utf8 */;

--
-- Base de datos: `sillamaniaes`
--
CREATE DATABASE IF NOT EXISTS `sillamaniaes` DEFAULT CHARACTER SET latin1 COLLATE latin1_swedish_ci;
USE `sillamaniaes`;

-- --------------------------------------------------------

--
-- Estructura de tabla para la tabla `ps_shop_url`
--

CREATE TABLE IF NOT EXISTS `ps_shop_url` (
  `id_shop_url` int(11) unsigned NOT NULL AUTO_INCREMENT,
  `id_shop` int(11) unsigned NOT NULL,
  `domain` varchar(150) NOT NULL,
  `domain_ssl` varchar(150) NOT NULL,
  `physical_uri` varchar(64) NOT NULL,
  `virtual_uri` varchar(64) NOT NULL,
  `main` tinyint(1) NOT NULL,
  `active` tinyint(1) NOT NULL,
  PRIMARY KEY (`id_shop_url`),
  UNIQUE KEY `full_shop_url` (`domain`,`physical_uri`,`virtual_uri`),
  UNIQUE KEY `full_shop_url_ssl` (`domain_ssl`,`physical_uri`,`virtual_uri`),
  KEY `id_shop` (`id_shop`,`main`)
) ENGINE=InnoDB  DEFAULT CHARSET=utf8 AUTO_INCREMENT=2 ;

--
-- Volcado de datos para la tabla `ps_shop_url`
--

INSERT INTO `ps_shop_url` (`id_shop_url`, `id_shop`, `domain`, `domain_ssl`, `physical_uri`, `virtual_uri`, `main`, `active`) VALUES
(1, 1, 'sillamania.es', 'sillamania.es', '/tiendaonline/', '', 1, 1);

-- --------------------------------------------------------

--
-- Estructura de tabla para la tabla `ps_smarty_cache`
--

CREATE TABLE IF NOT EXISTS `ps_smarty_cache` (
  `id_smarty_cache` char(40) NOT NULL,
  `name` char(40) NOT NULL,
  `cache_id` varchar(254) DEFAULT NULL,
  `modified` timestamp NOT NULL DEFAULT CURRENT_TIMESTAMP,
  `content` longtext NOT NULL,
  PRIMARY KEY (`id_smarty_cache`),
  KEY `name` (`name`),
  KEY `cache_id` (`cache_id`),
  KEY `modified` (`modified`)
) ENGINE=InnoDB DEFAULT CHARSET=utf8;

-- --------------------------------------------------------

--
-- Estructura de tabla para la tabla `ps_smarty_last_flush`
--

CREATE TABLE IF NOT EXISTS `ps_smarty_last_flush` (
  `type` enum('compile','template') NOT NULL DEFAULT 'compile',
  `last_flush` datetime NOT NULL DEFAULT '0000-00-00 00:00:00',
  PRIMARY KEY (`type`)
) ENGINE=InnoDB DEFAULT CHARSET=utf8;

-- --------------------------------------------------------

--
-- Estructura de tabla para la tabla `ps_smarty_lazy_cache`
--

CREATE TABLE IF NOT EXISTS `ps_smarty_lazy_cache` (
  `template_hash` varchar(32) NOT NULL DEFAULT '',
  `cache_id` varchar(255) NOT NULL DEFAULT '',
  `compile_id` varchar(32) NOT NULL DEFAULT '',
  `filepath` varchar(255) NOT NULL DEFAULT '',
  `last_update` datetime NOT NULL DEFAULT '0000-00-00 00:00:00',
  PRIMARY KEY (`template_hash`,`cache_id`,`compile_id`)
) ENGINE=InnoDB DEFAULT CHARSET=utf8;

-- --------------------------------------------------------

--
-- Estructura de tabla para la tabla `ps_specific_price`
--

CREATE TABLE IF NOT EXISTS `ps_specific_price` (
  `id_specific_price` int(10) unsigned NOT NULL AUTO_INCREMENT,
  `id_specific_price_rule` int(11) unsigned NOT NULL,
  `id_cart` int(11) unsigned NOT NULL,
  `id_product` int(10) unsigned NOT NULL,
  `id_shop` int(11) unsigned NOT NULL DEFAULT '1',
  `id_shop_group` int(11) unsigned NOT NULL,
  `id_currency` int(10) unsigned NOT NULL,
  `id_country` int(10) unsigned NOT NULL,
  `id_group` int(10) unsigned NOT NULL,
  `id_customer` int(10) unsigned NOT NULL,
  `id_product_attribute` int(10) unsigned NOT NULL,
  `price` decimal(20,6) NOT NULL,
  `from_quantity` mediumint(8) unsigned NOT NULL,
  `reduction` decimal(20,6) NOT NULL,
  `reduction_tax` tinyint(1) NOT NULL DEFAULT '1',
  `reduction_type` enum('amount','percentage') NOT NULL,
  `from` datetime NOT NULL,
  `to` datetime NOT NULL,
  PRIMARY KEY (`id_specific_price`),
  UNIQUE KEY `id_product_2` (`id_product`,`id_product_attribute`,`id_customer`,`id_cart`,`from`,`to`,`id_shop`,`id_shop_group`,`id_currency`,`id_country`,`id_group`,`from_quantity`,`id_specific_price_rule`),
  KEY `id_product` (`id_product`,`id_shop`,`id_currency`,`id_country`,`id_group`,`id_customer`,`from_quantity`,`from`,`to`),
  KEY `from_quantity` (`from_quantity`),
  KEY `id_specific_price_rule` (`id_specific_price_rule`),
  KEY `id_cart` (`id_cart`),
  KEY `id_product_attribute` (`id_product_attribute`),
  KEY `id_shop` (`id_shop`),
  KEY `id_customer` (`id_customer`),
  KEY `from` (`from`),
  KEY `to` (`to`)
) ENGINE=InnoDB DEFAULT CHARSET=utf8 AUTO_INCREMENT=1 ;

-- --------------------------------------------------------

--
-- Estructura de tabla para la tabla `ps_specific_price_priority`
--

CREATE TABLE IF NOT EXISTS `ps_specific_price_priority` (
  `id_specific_price_priority` int(11) NOT NULL AUTO_INCREMENT,
  `id_product` int(11) NOT NULL,
  `priority` varchar(80) NOT NULL,
  PRIMARY KEY (`id_specific_price_priority`,`id_product`),
  UNIQUE KEY `id_product` (`id_product`)
) ENGINE=InnoDB DEFAULT CHARSET=utf8 AUTO_INCREMENT=1 ;

-- --------------------------------------------------------

--
-- Estructura de tabla para la tabla `ps_specific_price_rule`
--

CREATE TABLE IF NOT EXISTS `ps_specific_price_rule` (
  `id_specific_price_rule` int(10) unsigned NOT NULL AUTO_INCREMENT,
  `name` varchar(255) NOT NULL,
  `id_shop` int(11) unsigned NOT NULL DEFAULT '1',
  `id_currency` int(10) unsigned NOT NULL,
  `id_country` int(10) unsigned NOT NULL,
  `id_group` int(10) unsigned NOT NULL,
  `from_quantity` mediumint(8) unsigned NOT NULL,
  `price` decimal(20,6) DEFAULT NULL,
  `reduction` decimal(20,6) NOT NULL,
  `reduction_tax` tinyint(1) NOT NULL DEFAULT '1',
  `reduction_type` enum('amount','percentage') NOT NULL,
  `from` datetime NOT NULL,
  `to` datetime NOT NULL,
  PRIMARY KEY (`id_specific_price_rule`),
  KEY `id_product` (`id_shop`,`id_currency`,`id_country`,`id_group`,`from_quantity`,`from`,`to`)
) ENGINE=InnoDB DEFAULT CHARSET=utf8 AUTO_INCREMENT=1 ;

-- --------------------------------------------------------

--
-- Estructura de tabla para la tabla `ps_specific_price_rule_condition`
--

CREATE TABLE IF NOT EXISTS `ps_specific_price_rule_condition` (
  `id_specific_price_rule_condition` int(11) unsigned NOT NULL AUTO_INCREMENT,
  `id_specific_price_rule_condition_group` int(11) unsigned NOT NULL,
  `type` varchar(255) NOT NULL,
  `value` varchar(255) NOT NULL,
  PRIMARY KEY (`id_specific_price_rule_condition`),
  KEY `id_specific_price_rule_condition_group` (`id_specific_price_rule_condition_group`)
) ENGINE=InnoDB DEFAULT CHARSET=utf8 AUTO_INCREMENT=1 ;

-- --------------------------------------------------------

--
-- Estructura de tabla para la tabla `ps_specific_price_rule_condition_group`
--

CREATE TABLE IF NOT EXISTS `ps_specific_price_rule_condition_group` (
  `id_specific_price_rule_condition_group` int(11) unsigned NOT NULL AUTO_INCREMENT,
  `id_specific_price_rule` int(11) unsigned NOT NULL,
  PRIMARY KEY (`id_specific_price_rule_condition_group`,`id_specific_price_rule`)
) ENGINE=InnoDB DEFAULT CHARSET=utf8 AUTO_INCREMENT=1 ;

-- --------------------------------------------------------

--
-- Estructura de tabla para la tabla `ps_state`
--

CREATE TABLE IF NOT EXISTS `ps_state` (
  `id_state` int(10) unsigned NOT NULL AUTO_INCREMENT,
  `id_country` int(11) unsigned NOT NULL,
  `id_zone` int(11) unsigned NOT NULL,
  `name` varchar(64) NOT NULL,
  `iso_code` varchar(7) NOT NULL,
  `tax_behavior` smallint(1) NOT NULL DEFAULT '0',
  `active` tinyint(1) NOT NULL DEFAULT '0',
  PRIMARY KEY (`id_state`),
  KEY `id_country` (`id_country`),
  KEY `name` (`name`),
  KEY `id_zone` (`id_zone`)
) ENGINE=InnoDB  DEFAULT CHARSET=utf8 AUTO_INCREMENT=377 ;

--
-- Volcado de datos para la tabla `ps_state`
--

INSERT INTO `ps_state` (`id_state`, `id_country`, `id_zone`, `name`, `iso_code`, `tax_behavior`, `active`) VALUES
(1, 21, 2, 'AA', 'AA', 0, 1),
(2, 21, 2, 'AE', 'AE', 0, 1),
(3, 21, 2, 'AP', 'AP', 0, 1),
(4, 21, 2, 'Alabama', 'AL', 0, 1),
(5, 21, 2, 'Alaska', 'AK', 0, 1),
(6, 21, 1, 'Arizona', 'AZ', 0, 1),
(7, 21, 2, 'Arkansas', 'AR', 0, 1),
(8, 21, 2, 'California', 'CA', 0, 1),
(9, 21, 2, 'Colorado', 'CO', 0, 1),
(10, 21, 2, 'Connecticut', 'CT', 0, 1),
(11, 21, 2, 'Delaware', 'DE', 0, 1),
(12, 21, 2, 'Florida', 'FL', 0, 1),
(13, 21, 2, 'Georgia', 'GA', 0, 1),
(14, 21, 2, 'Hawaii', 'HI', 0, 1),
(15, 21, 2, 'Idaho', 'ID', 0, 1),
(16, 21, 2, 'Illinois', 'IL', 0, 1),
(17, 21, 2, 'Indiana', 'IN', 0, 1),
(18, 21, 2, 'Iowa', 'IA', 0, 1),
(19, 21, 2, 'Kansas', 'KS', 0, 1),
(20, 21, 2, 'Kentucky', 'KY', 0, 1),
(21, 21, 2, 'Louisiana', 'LA', 0, 1),
(22, 21, 2, 'Maine', 'ME', 0, 1),
(23, 21, 2, 'Maryland', 'MD', 0, 1),
(24, 21, 2, 'Massachusetts', 'MA', 0, 1),
(25, 21, 2, 'Michigan', 'MI', 0, 1),
(26, 21, 2, 'Minnesota', 'MN', 0, 1),
(27, 21, 2, 'Mississippi', 'MS', 0, 1),
(28, 21, 2, 'Missouri', 'MO', 0, 1),
(29, 21, 2, 'Montana', 'MT', 0, 1),
(30, 21, 2, 'Nebraska', 'NE', 0, 1),
(31, 21, 2, 'Nevada', 'NV', 0, 1),
(32, 21, 2, 'New Hampshire', 'NH', 0, 1),
(33, 21, 2, 'New Jersey', 'NJ', 0, 1),
(34, 21, 2, 'New Mexico', 'NM', 0, 1),
(35, 21, 2, 'New York', 'NY', 0, 1),
(36, 21, 2, 'North Carolina', 'NC', 0, 1),
(37, 21, 2, 'North Dakota', 'ND', 0, 1),
(38, 21, 2, 'Ohio', 'OH', 0, 1),
(39, 21, 2, 'Oklahoma', 'OK', 0, 1),
(40, 21, 2, 'Oregon', 'OR', 0, 1),
(41, 21, 2, 'Pennsylvania', 'PA', 0, 1),
(42, 21, 2, 'Rhode Island', 'RI', 0, 1),
(43, 21, 2, 'South Carolina', 'SC', 0, 1),
(44, 21, 2, 'South Dakota', 'SD', 0, 1),
(45, 21, 2, 'Tennessee', 'TN', 0, 1),
(46, 21, 2, 'Texas', 'TX', 0, 1),
(47, 21, 2, 'Utah', 'UT', 0, 1),
(48, 21, 2, 'Vermont', 'VT', 0, 1),
(49, 21, 2, 'Virginia', 'VA', 0, 1),
(50, 21, 2, 'Washington', 'WA', 0, 1),
(51, 21, 2, 'West Virginia', 'WV', 0, 1),
(52, 21, 2, 'Wisconsin', 'WI', 0, 1),
(53, 21, 2, 'Wyoming', 'WY', 0, 1),
(54, 21, 2, 'Puerto Rico', 'PR', 0, 1),
(55, 21, 2, 'US Virgin Islands', 'VI', 0, 1),
(56, 21, 2, 'District of Columbia', 'DC', 0, 1),
(57, 145, 2, 'Aguascalientes', 'AGS', 0, 1),
(58, 145, 2, 'Baja California', 'BCN', 0, 1),
(59, 145, 2, 'Baja California Sur', 'BCS', 0, 1),
(60, 145, 2, 'Campeche', 'CAM', 0, 1),
(61, 145, 2, 'Chiapas', 'CHP', 0, 1),
(62, 145, 2, 'Chihuahua', 'CHH', 0, 1),
(63, 145, 2, 'Coahuila', 'COA', 0, 1),
(64, 145, 2, 'Colima', 'COL', 0, 1),
(65, 145, 2, 'Distrito Federal', 'DIF', 0, 1),
(66, 145, 2, 'Durango', 'DUR', 0, 1),
(67, 145, 2, 'Guanajuato', 'GUA', 0, 1),
(68, 145, 2, 'Guerrero', 'GRO', 0, 1),
(69, 145, 2, 'Hidalgo', 'HID', 0, 1),
(70, 145, 2, 'Jalisco', 'JAL', 0, 1),
(71, 145, 2, 'Estado de México', 'MEX', 0, 1),
(72, 145, 2, 'Michoacán', 'MIC', 0, 1),
(73, 145, 2, 'Morelos', 'MOR', 0, 1),
(74, 145, 2, 'Nayarit', 'NAY', 0, 1),
(75, 145, 2, 'Nuevo León', 'NLE', 0, 1),
(76, 145, 2, 'Oaxaca', 'OAX', 0, 1),
(77, 145, 2, 'Puebla', 'PUE', 0, 1),
(78, 145, 2, 'Querétaro', 'QUE', 0, 1),
(79, 145, 2, 'Quintana Roo', 'ROO', 0, 1),
(80, 145, 2, 'San Luis Potosí', 'SLP', 0, 1),
(81, 145, 2, 'Sinaloa', 'SIN', 0, 1),
(82, 145, 2, 'Sonora', 'SON', 0, 1),
(83, 145, 2, 'Tabasco', 'TAB', 0, 1),
(84, 145, 2, 'Tamaulipas', 'TAM', 0, 1),
(85, 145, 2, 'Tlaxcala', 'TLA', 0, 1),
(86, 145, 2, 'Veracruz', 'VER', 0, 1),
(87, 145, 2, 'Yucatán', 'YUC', 0, 1),
(88, 145, 2, 'Zacatecas', 'ZAC', 0, 1),
(89, 4, 2, 'Ontario', 'ON', 0, 1),
(90, 4, 2, 'Quebec', 'QC', 0, 1),
(91, 4, 2, 'British Columbia', 'BC', 0, 1),
(92, 4, 2, 'Alberta', 'AB', 0, 1),
(93, 4, 2, 'Manitoba', 'MB', 0, 1),
(94, 4, 2, 'Saskatchewan', 'SK', 0, 1),
(95, 4, 2, 'Nova Scotia', 'NS', 0, 1),
(96, 4, 2, 'New Brunswick', 'NB', 0, 1),
(97, 4, 2, 'Newfoundland and Labrador', 'NL', 0, 1),
(98, 4, 2, 'Prince Edward Island', 'PE', 0, 1),
(99, 4, 2, 'Northwest Territories', 'NT', 0, 1),
(100, 4, 2, 'Yukon', 'YT', 0, 1),
(101, 4, 2, 'Nunavut', 'NU', 0, 1),
(102, 44, 6, 'Buenos Aires', 'B', 0, 1),
(103, 44, 6, 'Catamarca', 'K', 0, 1),
(104, 44, 6, 'Chaco', 'H', 0, 1),
(105, 44, 6, 'Chubut', 'U', 0, 1),
(106, 44, 6, 'Ciudad de Buenos Aires', 'C', 0, 1),
(107, 44, 6, 'Córdoba', 'X', 0, 1),
(108, 44, 6, 'Corrientes', 'W', 0, 1),
(109, 44, 6, 'Entre Ríos', 'E', 0, 1),
(110, 44, 6, 'Formosa', 'P', 0, 1),
(111, 44, 6, 'Jujuy', 'Y', 0, 1),
(112, 44, 6, 'La Pampa', 'L', 0, 1),
(113, 44, 6, 'La Rioja', 'F', 0, 1),
(114, 44, 6, 'Mendoza', 'M', 0, 1),
(115, 44, 6, 'Misiones', 'N', 0, 1),
(116, 44, 6, 'Neuquén', 'Q', 0, 1),
(117, 44, 6, 'Río Negro', 'R', 0, 1),
(118, 44, 6, 'Salta', 'A', 0, 1),
(119, 44, 6, 'San Juan', 'J', 0, 1),
(120, 44, 6, 'San Luis', 'D', 0, 1),
(121, 44, 6, 'Santa Cruz', 'Z', 0, 1),
(122, 44, 6, 'Santa Fe', 'S', 0, 1),
(123, 44, 6, 'Santiago del Estero', 'G', 0, 1),
(124, 44, 6, 'Tierra del Fuego', 'V', 0, 1),
(125, 44, 6, 'Tucumán', 'T', 0, 1),
(126, 10, 1, 'Agrigento', 'AG', 0, 1),
(127, 10, 1, 'Alessandria', 'AL', 0, 1),
(128, 10, 1, 'Ancona', 'AN', 0, 1),
(129, 10, 1, 'Aosta', 'AO', 0, 1),
(130, 10, 1, 'Arezzo', 'AR', 0, 1),
(131, 10, 1, 'Ascoli Piceno', 'AP', 0, 1),
(132, 10, 1, 'Asti', 'AT', 0, 1),
(133, 10, 1, 'Avellino', 'AV', 0, 1),
(134, 10, 1, 'Bari', 'BA', 0, 1),
(135, 10, 1, 'Barletta-Andria-Trani', 'BT', 0, 1),
(136, 10, 1, 'Belluno', 'BL', 0, 1),
(137, 10, 1, 'Benevento', 'BN', 0, 1),
(138, 10, 1, 'Bergamo', 'BG', 0, 1),
(139, 10, 1, 'Biella', 'BI', 0, 1),
(140, 10, 1, 'Bologna', 'BO', 0, 1),
(141, 10, 1, 'Bolzano', 'BZ', 0, 1),
(142, 10, 1, 'Brescia', 'BS', 0, 1),
(143, 10, 1, 'Brindisi', 'BR', 0, 1),
(144, 10, 1, 'Cagliari', 'CA', 0, 1),
(145, 10, 1, 'Caltanissetta', 'CL', 0, 1),
(146, 10, 1, 'Campobasso', 'CB', 0, 1),
(147, 10, 1, 'Carbonia-Iglesias', 'CI', 0, 1),
(148, 10, 1, 'Caserta', 'CE', 0, 1),
(149, 10, 1, 'Catania', 'CT', 0, 1),
(150, 10, 1, 'Catanzaro', 'CZ', 0, 1),
(151, 10, 1, 'Chieti', 'CH', 0, 1),
(152, 10, 1, 'Como', 'CO', 0, 1),
(153, 10, 1, 'Cosenza', 'CS', 0, 1),
(154, 10, 1, 'Cremona', 'CR', 0, 1),
(155, 10, 1, 'Crotone', 'KR', 0, 1),
(156, 10, 1, 'Cuneo', 'CN', 0, 1),
(157, 10, 1, 'Enna', 'EN', 0, 1),
(158, 10, 1, 'Fermo', 'FM', 0, 1),
(159, 10, 1, 'Ferrara', 'FE', 0, 1),
(160, 10, 1, 'Firenze', 'FI', 0, 1),
(161, 10, 1, 'Foggia', 'FG', 0, 1),
(162, 10, 1, 'Forlì-Cesena', 'FC', 0, 1),
(163, 10, 1, 'Frosinone', 'FR', 0, 1),
(164, 10, 1, 'Genova', 'GE', 0, 1),
(165, 10, 1, 'Gorizia', 'GO', 0, 1),
(166, 10, 1, 'Grosseto', 'GR', 0, 1),
(167, 10, 1, 'Imperia', 'IM', 0, 1),
(168, 10, 1, 'Isernia', 'IS', 0, 1),
(169, 10, 1, 'L''Aquila', 'AQ', 0, 1),
(170, 10, 1, 'La Spezia', 'SP', 0, 1),
(171, 10, 1, 'Latina', 'LT', 0, 1),
(172, 10, 1, 'Lecce', 'LE', 0, 1),
(173, 10, 1, 'Lecco', 'LC', 0, 1),
(174, 10, 1, 'Livorno', 'LI', 0, 1),
(175, 10, 1, 'Lodi', 'LO', 0, 1),
(176, 10, 1, 'Lucca', 'LU', 0, 1),
(177, 10, 1, 'Macerata', 'MC', 0, 1),
(178, 10, 1, 'Mantova', 'MN', 0, 1),
(179, 10, 1, 'Massa', 'MS', 0, 1),
(180, 10, 1, 'Matera', 'MT', 0, 1),
(181, 10, 1, 'Medio Campidano', 'VS', 0, 1),
(182, 10, 1, 'Messina', 'ME', 0, 1),
(183, 10, 1, 'Milano', 'MI', 0, 1),
(184, 10, 1, 'Modena', 'MO', 0, 1),
(185, 10, 1, 'Monza e della Brianza', 'MB', 0, 1),
(186, 10, 1, 'Napoli', 'NA', 0, 1),
(187, 10, 1, 'Novara', 'NO', 0, 1),
(188, 10, 1, 'Nuoro', 'NU', 0, 1),
(189, 10, 1, 'Ogliastra', 'OG', 0, 1),
(190, 10, 1, 'Olbia-Tempio', 'OT', 0, 1),
(191, 10, 1, 'Oristano', 'OR', 0, 1),
(192, 10, 1, 'Padova', 'PD', 0, 1),
(193, 10, 1, 'Palermo', 'PA', 0, 1),
(194, 10, 1, 'Parma', 'PR', 0, 1),
(195, 10, 1, 'Pavia', 'PV', 0, 1),
(196, 10, 1, 'Perugia', 'PG', 0, 1),
(197, 10, 1, 'Pesaro-Urbino', 'PU', 0, 1),
(198, 10, 1, 'Pescara', 'PE', 0, 1),
(199, 10, 1, 'Piacenza', 'PC', 0, 1),
(200, 10, 1, 'Pisa', 'PI', 0, 1),
(201, 10, 1, 'Pistoia', 'PT', 0, 1),
(202, 10, 1, 'Pordenone', 'PN', 0, 1),
(203, 10, 1, 'Potenza', 'PZ', 0, 1),
(204, 10, 1, 'Prato', 'PO', 0, 1),
(205, 10, 1, 'Ragusa', 'RG', 0, 1),
(206, 10, 1, 'Ravenna', 'RA', 0, 1),
(207, 10, 1, 'Reggio Calabria', 'RC', 0, 1),
(208, 10, 1, 'Reggio Emilia', 'RE', 0, 1),
(209, 10, 1, 'Rieti', 'RI', 0, 1),
(210, 10, 1, 'Rimini', 'RN', 0, 1),
(211, 10, 1, 'Roma', 'RM', 0, 1),
(212, 10, 1, 'Rovigo', 'RO', 0, 1),
(213, 10, 1, 'Salerno', 'SA', 0, 1),
(214, 10, 1, 'Sassari', 'SS', 0, 1),
(215, 10, 1, 'Savona', 'SV', 0, 1),
(216, 10, 1, 'Siena', 'SI', 0, 1),
(217, 10, 1, 'Siracusa', 'SR', 0, 1),
(218, 10, 1, 'Sondrio', 'SO', 0, 1),
(219, 10, 1, 'Taranto', 'TA', 0, 1),
(220, 10, 1, 'Teramo', 'TE', 0, 1),
(221, 10, 1, 'Terni', 'TR', 0, 1),
(222, 10, 1, 'Torino', 'TO', 0, 1),
(223, 10, 1, 'Trapani', 'TP', 0, 1),
(224, 10, 1, 'Trento', 'TN', 0, 1),
(225, 10, 1, 'Treviso', 'TV', 0, 1),
(226, 10, 1, 'Trieste', 'TS', 0, 1),
(227, 10, 1, 'Udine', 'UD', 0, 1),
(228, 10, 1, 'Varese', 'VA', 0, 1),
(229, 10, 1, 'Venezia', 'VE', 0, 1),
(230, 10, 1, 'Verbano-Cusio-Ossola', 'VB', 0, 1),
(231, 10, 1, 'Vercelli', 'VC', 0, 1),
(232, 10, 1, 'Verona', 'VR', 0, 1),
(233, 10, 1, 'Vibo Valentia', 'VV', 0, 1),
(234, 10, 1, 'Vicenza', 'VI', 0, 1),
(235, 10, 1, 'Viterbo', 'VT', 0, 1),
(236, 111, 3, 'Aceh', 'ID-AC', 0, 1),
(237, 111, 3, 'Bali', 'ID-BA', 0, 1),
(238, 111, 3, 'Banten', 'ID-BT', 0, 1),
(239, 111, 3, 'Bengkulu', 'ID-BE', 0, 1),
(240, 111, 3, 'Gorontalo', 'ID-GO', 0, 1),
(241, 111, 3, 'Jakarta', 'ID-JK', 0, 1),
(242, 111, 3, 'Jambi', 'ID-JA', 0, 1),
(243, 111, 3, 'Jawa Barat', 'ID-JB', 0, 1),
(244, 111, 3, 'Jawa Tengah', 'ID-JT', 0, 1),
(245, 111, 3, 'Jawa Timur', 'ID-JI', 0, 1),
(246, 111, 3, 'Kalimantan Barat', 'ID-KB', 0, 1),
(247, 111, 3, 'Kalimantan Selatan', 'ID-KS', 0, 1),
(248, 111, 3, 'Kalimantan Tengah', 'ID-KT', 0, 1),
(249, 111, 3, 'Kalimantan Timur', 'ID-KI', 0, 1),
(250, 111, 3, 'Kalimantan Utara', 'ID-KU', 0, 1),
(251, 111, 3, 'Kepulauan Bangka Belitug', 'ID-BB', 0, 1),
(252, 111, 3, 'Kepulauan Riau', 'ID-KR', 0, 1),
(253, 111, 3, 'Lampung', 'ID-LA', 0, 1),
(254, 111, 3, 'Maluku', 'ID-MA', 0, 1),
(255, 111, 3, 'Maluku Utara', 'ID-MU', 0, 1),
(256, 111, 3, 'Nusa Tengara Barat', 'ID-NB', 0, 1),
(257, 111, 3, 'Nusa Tenggara Timur', 'ID-NT', 0, 1),
(258, 111, 3, 'Papua', 'ID-PA', 0, 1),
(259, 111, 3, 'Papua Barat', 'ID-PB', 0, 1),
(260, 111, 3, 'Riau', 'ID-RI', 0, 1),
(261, 111, 3, 'Sulawesi Barat', 'ID-SR', 0, 1),
(262, 111, 3, 'Sulawesi Selatan', 'ID-SN', 0, 1),
(263, 111, 3, 'Sulawesi Tengah', 'ID-ST', 0, 1),
(264, 111, 3, 'Sulawesi Tenggara', 'ID-SG', 0, 1),
(265, 111, 3, 'Sulawesi Utara', 'ID-SA', 0, 1),
(266, 111, 3, 'Sumatera Barat', 'ID-SB', 0, 1),
(267, 111, 3, 'Sumatera Selatan', 'ID-SS', 0, 1),
(268, 111, 3, 'Sumatera Utara', 'ID-SU', 0, 1),
(269, 111, 3, 'Yogyakarta', 'ID-YO', 0, 1),
(270, 11, 3, 'Aichi', '23', 0, 1),
(271, 11, 3, 'Akita', '05', 0, 1),
(272, 11, 3, 'Aomori', '02', 0, 1),
(273, 11, 3, 'Chiba', '12', 0, 1),
(274, 11, 3, 'Ehime', '38', 0, 1),
(275, 11, 3, 'Fukui', '18', 0, 1),
(276, 11, 3, 'Fukuoka', '40', 0, 1),
(277, 11, 3, 'Fukushima', '07', 0, 1),
(278, 11, 3, 'Gifu', '21', 0, 1),
(279, 11, 3, 'Gunma', '10', 0, 1),
(280, 11, 3, 'Hiroshima', '34', 0, 1),
(281, 11, 3, 'Hokkaido', '01', 0, 1),
(282, 11, 3, 'Hyogo', '28', 0, 1),
(283, 11, 3, 'Ibaraki', '08', 0, 1),
(284, 11, 3, 'Ishikawa', '17', 0, 1),
(285, 11, 3, 'Iwate', '03', 0, 1),
(286, 11, 3, 'Kagawa', '37', 0, 1),
(287, 11, 3, 'Kagoshima', '46', 0, 1),
(288, 11, 3, 'Kanagawa', '14', 0, 1),
(289, 11, 3, 'Kochi', '39', 0, 1),
(290, 11, 3, 'Kumamoto', '43', 0, 1),
(291, 11, 3, 'Kyoto', '26', 0, 1),
(292, 11, 3, 'Mie', '24', 0, 1),
(293, 11, 3, 'Miyagi', '04', 0, 1),
(294, 11, 3, 'Miyazaki', '45', 0, 1),
(295, 11, 3, 'Nagano', '20', 0, 1),
(296, 11, 3, 'Nagasaki', '42', 0, 1),
(297, 11, 3, 'Nara', '29', 0, 1),
(298, 11, 3, 'Niigata', '15', 0, 1),
(299, 11, 3, 'Oita', '44', 0, 1),
(300, 11, 3, 'Okayama', '33', 0, 1),
(301, 11, 3, 'Okinawa', '47', 0, 1),
(302, 11, 3, 'Osaka', '27', 0, 1),
(303, 11, 3, 'Saga', '41', 0, 1),
(304, 11, 3, 'Saitama', '11', 0, 1),
(305, 11, 3, 'Shiga', '25', 0, 1),
(306, 11, 3, 'Shimane', '32', 0, 1),
(307, 11, 3, 'Shizuoka', '22', 0, 1),
(308, 11, 3, 'Tochigi', '09', 0, 1),
(309, 11, 3, 'Tokushima', '36', 0, 1),
(310, 11, 3, 'Tokyo', '13', 0, 1),
(311, 11, 3, 'Tottori', '31', 0, 1),
(312, 11, 3, 'Toyama', '16', 0, 1),
(313, 11, 3, 'Wakayama', '30', 0, 1),
(314, 11, 3, 'Yamagata', '06', 0, 1),
(315, 11, 3, 'Yamaguchi', '35', 0, 1),
(316, 11, 3, 'Yamanashi', '19', 0, 1),
(317, 24, 5, 'Australian Capital Territory', 'ACT', 0, 1),
(318, 24, 5, 'New South Wales', 'NSW', 0, 1),
(319, 24, 5, 'Northern Territory', 'NT', 0, 1),
(320, 24, 5, 'Queensland', 'QLD', 0, 1),
(321, 24, 5, 'South Australia', 'SA', 0, 1),
(322, 24, 5, 'Tasmania', 'TAS', 0, 1),
(323, 24, 5, 'Victoria', 'VIC', 0, 1),
(324, 24, 5, 'Western Australia', 'WA', 0, 1),
(325, 6, 1, 'A Coruña', 'ES-C', 0, 1),
(326, 6, 1, 'Álava', 'ES-VI', 0, 1),
(327, 6, 1, 'Albacete', 'ES-AB', 0, 1),
(328, 6, 1, 'Alacant', 'ES-A', 0, 1),
(329, 6, 1, 'Almería', 'ES-AL', 0, 1),
(330, 6, 1, 'Asturias', 'ES-O', 0, 1),
(331, 6, 1, 'Ávila', 'ES-AV', 0, 1),
(332, 6, 1, 'Badajoz', 'ES-BA', 0, 1),
(333, 6, 1, 'Balears', 'ES-PM', 0, 1),
(334, 6, 1, 'Barcelona', 'ES-B', 0, 1),
(335, 6, 1, 'Burgos', 'ES-BU', 0, 1),
(336, 6, 1, 'Cáceres', 'ES-CC', 0, 1),
(337, 6, 1, 'Cádiz', 'ES-CA', 0, 1),
(338, 6, 1, 'Cantabria', 'ES-S', 0, 1),
(339, 6, 1, 'Castelló', 'ES-CS', 0, 1),
(340, 6, 1, 'Ciudad Real', 'ES-CR', 0, 1),
(341, 6, 1, 'Córdoba', 'ES-CO', 0, 1),
(342, 6, 1, 'Cuenca', 'ES-CU', 0, 1),
(343, 6, 1, 'Girona', 'ES-GI', 0, 1),
(344, 6, 1, 'Granada', 'ES-GR', 0, 1),
(345, 6, 1, 'Guadalajara', 'ES-GU', 0, 1),
(346, 6, 1, 'Gipuzkoa', 'ES-SS', 0, 1),
(347, 6, 1, 'Huelva', 'ES-H', 0, 1),
(348, 6, 1, 'Huesca', 'ES-HU', 0, 1),
(349, 6, 1, 'Jaén', 'ES-J', 0, 1),
(350, 6, 1, 'La Rioja', 'ES-LO', 0, 1),
(351, 6, 1, 'Las Palmas', 'ES-GC', 0, 1),
(352, 6, 1, 'León', 'ES-LE', 0, 1),
(353, 6, 1, 'Lleida', 'ES-L', 0, 1),
(354, 6, 1, 'Lugo', 'ES-LU', 0, 1),
(355, 6, 1, 'Madrid', 'ES-M', 0, 1),
(356, 6, 1, 'Málaga', 'ES-MA', 0, 1),
(357, 6, 1, 'Murcia', 'ES-MU', 0, 1),
(358, 6, 1, 'Nafarroa', 'ES-NA', 0, 1),
(359, 6, 1, 'Ourense', 'ES-OR', 0, 1),
(360, 6, 1, 'Palencia', 'ES-P', 0, 1),
(361, 6, 1, 'Pontevedra', 'ES-PO', 0, 1),
(362, 6, 1, 'Salamanca', 'ES-SA', 0, 1),
(363, 6, 1, 'Santa Cruz de Tenerife', 'ES-TF', 0, 1),
(364, 6, 1, 'Segovia', 'ES-SG', 0, 1),
(365, 6, 1, 'Sevilla', 'ES-SE', 0, 1),
(366, 6, 1, 'Soria', 'ES-SO', 0, 1),
(367, 6, 1, 'Tarragona', 'ES-T', 0, 1),
(368, 6, 1, 'Teruel', 'ES-TE', 0, 1),
(369, 6, 1, 'Toledo', 'ES-TO', 0, 1),
(370, 6, 1, 'València', 'ES-V', 0, 1),
(371, 6, 1, 'Valladolid', 'ES-VA', 0, 1),
(372, 6, 1, 'Bizkaia', 'ES-BI', 0, 1),
(373, 6, 1, 'Zamora', 'ES-ZA', 0, 1),
(374, 6, 1, 'Zaragoza', 'ES-Z', 0, 1),
(375, 6, 1, ' Ceuta', 'ES-CE', 0, 1),
(376, 6, 1, ' Melilla', 'ES-ML', 0, 1);

-- --------------------------------------------------------

--
-- Estructura de tabla para la tabla `ps_statssearch`
--

CREATE TABLE IF NOT EXISTS `ps_statssearch` (
  `id_statssearch` int(10) unsigned NOT NULL AUTO_INCREMENT,
  `id_shop` int(10) unsigned NOT NULL DEFAULT '1',
  `id_shop_group` int(10) unsigned NOT NULL DEFAULT '1',
  `keywords` varchar(255) NOT NULL,
  `results` int(6) NOT NULL DEFAULT '0',
  `date_add` datetime NOT NULL,
  PRIMARY KEY (`id_statssearch`)
) ENGINE=InnoDB DEFAULT CHARSET=utf8 AUTO_INCREMENT=1 ;

-- --------------------------------------------------------

--
-- Estructura de tabla para la tabla `ps_stock`
--

CREATE TABLE IF NOT EXISTS `ps_stock` (
  `id_stock` int(11) unsigned NOT NULL AUTO_INCREMENT,
  `id_warehouse` int(11) unsigned NOT NULL,
  `id_product` int(11) unsigned NOT NULL,
  `id_product_attribute` int(11) unsigned NOT NULL,
  `reference` varchar(32) NOT NULL,
  `ean13` varchar(13) DEFAULT NULL,
  `isbn` varchar(32) DEFAULT NULL,
  `upc` varchar(12) DEFAULT NULL,
  `physical_quantity` int(11) unsigned NOT NULL,
  `usable_quantity` int(11) unsigned NOT NULL,
  `price_te` decimal(20,6) DEFAULT '0.000000',
  PRIMARY KEY (`id_stock`),
  KEY `id_warehouse` (`id_warehouse`),
  KEY `id_product` (`id_product`),
  KEY `id_product_attribute` (`id_product_attribute`)
) ENGINE=InnoDB DEFAULT CHARSET=utf8 AUTO_INCREMENT=1 ;

-- --------------------------------------------------------

--
-- Estructura de tabla para la tabla `ps_stock_available`
--

CREATE TABLE IF NOT EXISTS `ps_stock_available` (
  `id_stock_available` int(11) unsigned NOT NULL AUTO_INCREMENT,
  `id_product` int(11) unsigned NOT NULL,
  `id_product_attribute` int(11) unsigned NOT NULL,
  `id_shop` int(11) unsigned NOT NULL,
  `id_shop_group` int(11) unsigned NOT NULL,
  `quantity` int(10) NOT NULL DEFAULT '0',
  `physical_quantity` int(11) NOT NULL DEFAULT '0',
  `reserved_quantity` int(11) NOT NULL DEFAULT '0',
  `depends_on_stock` tinyint(1) unsigned NOT NULL DEFAULT '0',
  `out_of_stock` tinyint(1) unsigned NOT NULL DEFAULT '0',
  PRIMARY KEY (`id_stock_available`),
  UNIQUE KEY `product_sqlstock` (`id_product`,`id_product_attribute`,`id_shop`,`id_shop_group`),
  KEY `id_shop` (`id_shop`),
  KEY `id_shop_group` (`id_shop_group`),
  KEY `id_product` (`id_product`),
  KEY `id_product_attribute` (`id_product_attribute`)
) ENGINE=InnoDB DEFAULT CHARSET=utf8 AUTO_INCREMENT=1 ;

-- --------------------------------------------------------

--
-- Estructura de tabla para la tabla `ps_stock_mvt`
--

CREATE TABLE IF NOT EXISTS `ps_stock_mvt` (
  `id_stock_mvt` bigint(20) NOT NULL AUTO_INCREMENT,
  `id_stock` int(11) NOT NULL,
  `id_order` int(11) DEFAULT NULL,
  `id_supply_order` int(11) DEFAULT NULL,
  `id_stock_mvt_reason` int(11) NOT NULL,
  `id_employee` int(11) NOT NULL,
  `employee_lastname` varchar(32) COLLATE utf8_unicode_ci DEFAULT NULL,
  `employee_firstname` varchar(32) COLLATE utf8_unicode_ci DEFAULT NULL,
  `physical_quantity` int(11) NOT NULL,
  `date_add` datetime NOT NULL,
  `sign` smallint(6) NOT NULL DEFAULT '1',
  `price_te` decimal(20,6) DEFAULT '0.000000',
  `last_wa` decimal(20,6) DEFAULT '0.000000',
  `current_wa` decimal(20,6) DEFAULT '0.000000',
  `referer` bigint(20) DEFAULT NULL,
  PRIMARY KEY (`id_stock_mvt`),
  KEY `id_stock` (`id_stock`),
  KEY `id_stock_mvt_reason` (`id_stock_mvt_reason`)
) ENGINE=InnoDB DEFAULT CHARSET=utf8 COLLATE=utf8_unicode_ci AUTO_INCREMENT=1 ;

-- --------------------------------------------------------

--
-- Estructura de tabla para la tabla `ps_stock_mvt_reason`
--

CREATE TABLE IF NOT EXISTS `ps_stock_mvt_reason` (
  `id_stock_mvt_reason` int(11) unsigned NOT NULL AUTO_INCREMENT,
  `sign` tinyint(1) NOT NULL DEFAULT '1',
  `date_add` datetime NOT NULL,
  `date_upd` datetime NOT NULL,
  `deleted` tinyint(1) unsigned NOT NULL DEFAULT '0',
  PRIMARY KEY (`id_stock_mvt_reason`)
) ENGINE=InnoDB  DEFAULT CHARSET=utf8 AUTO_INCREMENT=13 ;

--
-- Volcado de datos para la tabla `ps_stock_mvt_reason`
--

INSERT INTO `ps_stock_mvt_reason` (`id_stock_mvt_reason`, `sign`, `date_add`, `date_upd`, `deleted`) VALUES
(1, 1, '2018-02-19 10:25:37', '2018-02-19 10:25:37', 0),
(2, -1, '2018-02-19 10:25:37', '2018-02-19 10:25:37', 0),
(3, -1, '2018-02-19 10:25:37', '2018-02-19 10:25:37', 0),
(4, -1, '2018-02-19 10:25:37', '2018-02-19 10:25:37', 0),
(5, 1, '2018-02-19 10:25:37', '2018-02-19 10:25:37', 0),
(6, -1, '2018-02-19 10:25:37', '2018-02-19 10:25:37', 0),
(7, 1, '2018-02-19 10:25:37', '2018-02-19 10:25:37', 0),
(8, 1, '2018-02-19 10:25:37', '2018-02-19 10:25:37', 0),
(9, 1, '2018-02-19 10:25:37', '2018-02-19 10:25:37', 0),
(10, 1, '2018-02-19 10:25:37', '2018-02-19 10:25:37', 0),
(11, 1, '2018-02-19 10:25:37', '2018-02-19 10:25:37', 0),
(12, -1, '2018-02-19 10:25:37', '2018-02-19 10:25:37', 0);

-- --------------------------------------------------------

--
-- Estructura de tabla para la tabla `ps_stock_mvt_reason_lang`
--

CREATE TABLE IF NOT EXISTS `ps_stock_mvt_reason_lang` (
  `id_stock_mvt_reason` int(11) unsigned NOT NULL,
  `id_lang` int(11) unsigned NOT NULL,
  `name` varchar(255) NOT NULL,
  PRIMARY KEY (`id_stock_mvt_reason`,`id_lang`)
) ENGINE=InnoDB DEFAULT CHARSET=utf8;

--
-- Volcado de datos para la tabla `ps_stock_mvt_reason_lang`
--

INSERT INTO `ps_stock_mvt_reason_lang` (`id_stock_mvt_reason`, `id_lang`, `name`) VALUES
(1, 1, 'Incrementar'),
(1, 2, 'Increment'),
(1, 3, 'Incremento'),
(1, 4, 'Increase'),
(2, 1, 'Decrementar'),
(2, 2, 'Disminuir'),
(2, 3, 'Decrease'),
(2, 4, 'Decrease'),
(3, 1, 'Pedido del cliente'),
(3, 2, 'Customer Order'),
(3, 3, 'Customer Order'),
(3, 4, 'Customer Order'),
(4, 1, 'Regulación tras inventario de stock'),
(4, 2, 'Regulation following an inventory of stock'),
(4, 3, 'Regulation following an inventory of stock'),
(4, 4, 'Regulation following an inventory of stock'),
(5, 1, 'Regulación tras inventario de stock'),
(5, 2, 'Regulation following an inventory of stock'),
(5, 3, 'Regulation following an inventory of stock'),
(5, 4, 'Regulation following an inventory of stock'),
(6, 1, 'Transferir a otro almacén'),
(6, 2, 'Transfer to another warehouse'),
(6, 3, 'Transfer to another warehouse'),
(6, 4, 'Transfer to another warehouse'),
(7, 1, 'Transferir desde otro almacén'),
(7, 2, 'Transfer from another warehouse'),
(7, 3, 'Transfer from another warehouse'),
(7, 4, 'Transfer from another warehouse'),
(8, 1, 'Pedido de suministros'),
(8, 2, 'Supply Order'),
(8, 3, 'Supply Order'),
(8, 4, 'Supply Order'),
(9, 1, 'Pedido del cliente'),
(9, 2, 'Customer Order'),
(9, 3, 'Customer Order'),
(9, 4, 'Customer Order'),
(10, 1, 'Devolver producto'),
(10, 2, 'Product Return'),
(10, 3, 'Product Return'),
(10, 4, 'Product Return'),
(11, 1, 'Edición de empleado'),
(11, 2, 'Employee Edition'),
(11, 3, 'Employee Edition'),
(11, 4, 'Employee Edition'),
(12, 1, 'Edición de empleado'),
(12, 2, 'Employee Edition'),
(12, 3, 'Employee Edition'),
(12, 4, 'Employee Edition');

-- --------------------------------------------------------

--
-- Estructura de tabla para la tabla `ps_store`
--

CREATE TABLE IF NOT EXISTS `ps_store` (
  `id_store` int(10) unsigned NOT NULL AUTO_INCREMENT,
  `id_country` int(10) unsigned NOT NULL,
  `id_state` int(10) unsigned DEFAULT NULL,
  `city` varchar(64) NOT NULL,
  `postcode` varchar(12) NOT NULL,
  `latitude` decimal(13,8) DEFAULT NULL,
  `longitude` decimal(13,8) DEFAULT NULL,
  `phone` varchar(16) DEFAULT NULL,
  `fax` varchar(16) DEFAULT NULL,
  `email` varchar(128) DEFAULT NULL,
  `active` tinyint(1) unsigned NOT NULL DEFAULT '0',
  `date_add` datetime NOT NULL,
  `date_upd` datetime NOT NULL,
  PRIMARY KEY (`id_store`)
) ENGINE=InnoDB  DEFAULT CHARSET=utf8 AUTO_INCREMENT=6 ;

--
-- Volcado de datos para la tabla `ps_store`
--

INSERT INTO `ps_store` (`id_store`, `id_country`, `id_state`, `city`, `postcode`, `latitude`, `longitude`, `phone`, `fax`, `email`, `active`, `date_add`, `date_upd`) VALUES
(1, 21, 12, 'Miami', ' 33135', '25.76500500', '-80.24379700', '', '', '', 1, '2018-02-19 10:25:55', '2018-02-19 10:25:55'),
(2, 21, 12, 'Miami', ' 33304', '26.13793600', '-80.13943500', '', '', '', 1, '2018-02-19 10:25:55', '2018-02-19 10:25:55'),
(3, 21, 12, 'Miami', '33026', '26.00998700', '-80.29447200', '', '', '', 1, '2018-02-19 10:25:55', '2018-02-19 10:25:55'),
(4, 21, 12, 'Miami', ' 33133', '25.73629600', '-80.24479700', '', '', '', 1, '2018-02-19 10:25:55', '2018-02-19 10:25:55'),
(5, 21, 12, 'Miami', '33181', '25.88674000', '-80.16329200', '', '', '', 1, '2018-02-19 10:25:55', '2018-02-19 10:25:55');

-- --------------------------------------------------------

--
-- Estructura de tabla para la tabla `ps_store_lang`
--

CREATE TABLE IF NOT EXISTS `ps_store_lang` (
  `id_store` int(11) unsigned NOT NULL,
  `id_lang` int(11) unsigned NOT NULL,
  `name` varchar(255) NOT NULL,
  `address1` varchar(255) NOT NULL,
  `address2` varchar(255) DEFAULT NULL,
  `hours` text,
  `note` text,
  PRIMARY KEY (`id_store`,`id_lang`)
) ENGINE=InnoDB DEFAULT CHARSET=utf8;

--
-- Volcado de datos para la tabla `ps_store_lang`
--

INSERT INTO `ps_store_lang` (`id_store`, `id_lang`, `name`, `address1`, `address2`, `hours`, `note`) VALUES
(1, 1, 'Dade County', '3030 SW 8th St Miami', '', ' [["09:00 - 19:00"],["09:00 - 19:00"],["09:00 - 19:00"],["09:00 - 19:00"],["09:00 - 19:00"],["10:00 - 16:00"],["10:00 - 16:00"]]', ''),
(2, 1, 'E Fort Lauderdale', '1000 Northeast 4th Ave Fort Lauderdale', '', ' [["09:00 - 19:00"],["09:00 - 19:00"],["09:00 - 19:00"],["09:00 - 19:00"],["09:00 - 19:00"],["10:00 - 16:00"],["10:00 - 16:00"]]', ''),
(3, 1, 'Pembroke Pines', '11001 Pines Blvd Pembroke Pines', '', ' [["09:00 - 19:00"],["09:00 - 19:00"],["09:00 - 19:00"],["09:00 - 19:00"],["09:00 - 19:00"],["10:00 - 16:00"],["10:00 - 16:00"]]', ''),
(4, 1, 'Coconut Grove', '2999 SW 32nd Avenue', '', ' [["09:00 - 19:00"],["09:00 - 19:00"],["09:00 - 19:00"],["09:00 - 19:00"],["09:00 - 19:00"],["10:00 - 16:00"],["10:00 - 16:00"]]', ''),
(5, 1, 'N Miami/Biscayne', '12055 Biscayne Blvd', '', ' [["09:00 - 19:00"],["09:00 - 19:00"],["09:00 - 19:00"],["09:00 - 19:00"],["09:00 - 19:00"],["10:00 - 16:00"],["10:00 - 16:00"]]', '');

-- --------------------------------------------------------

--
-- Estructura de tabla para la tabla `ps_store_shop`
--

CREATE TABLE IF NOT EXISTS `ps_store_shop` (
  `id_store` int(11) unsigned NOT NULL,
  `id_shop` int(11) unsigned NOT NULL,
  PRIMARY KEY (`id_store`,`id_shop`),
  KEY `id_shop` (`id_shop`)
) ENGINE=InnoDB DEFAULT CHARSET=utf8;

--
-- Volcado de datos para la tabla `ps_store_shop`
--

INSERT INTO `ps_store_shop` (`id_store`, `id_shop`) VALUES
(1, 1),
(2, 1),
(3, 1),
(4, 1),
(5, 1);

-- --------------------------------------------------------

--
-- Estructura de tabla para la tabla `ps_supplier`
--

CREATE TABLE IF NOT EXISTS `ps_supplier` (
  `id_supplier` int(10) unsigned NOT NULL AUTO_INCREMENT,
  `name` varchar(64) NOT NULL,
  `date_add` datetime NOT NULL,
  `date_upd` datetime NOT NULL,
  `active` tinyint(1) NOT NULL DEFAULT '0',
  PRIMARY KEY (`id_supplier`)
) ENGINE=InnoDB DEFAULT CHARSET=utf8 AUTO_INCREMENT=1 ;

-- --------------------------------------------------------

--
-- Estructura de tabla para la tabla `ps_supplier_lang`
--

CREATE TABLE IF NOT EXISTS `ps_supplier_lang` (
  `id_supplier` int(10) unsigned NOT NULL,
  `id_lang` int(10) unsigned NOT NULL,
  `description` text,
  `meta_title` varchar(128) DEFAULT NULL,
  `meta_keywords` varchar(255) DEFAULT NULL,
  `meta_description` varchar(255) DEFAULT NULL,
  PRIMARY KEY (`id_supplier`,`id_lang`)
) ENGINE=InnoDB DEFAULT CHARSET=utf8;

-- --------------------------------------------------------

--
-- Estructura de tabla para la tabla `ps_supplier_shop`
--

CREATE TABLE IF NOT EXISTS `ps_supplier_shop` (
  `id_supplier` int(11) unsigned NOT NULL,
  `id_shop` int(11) unsigned NOT NULL,
  PRIMARY KEY (`id_supplier`,`id_shop`),
  KEY `id_shop` (`id_shop`)
) ENGINE=InnoDB DEFAULT CHARSET=utf8;

-- --------------------------------------------------------

--
-- Estructura de tabla para la tabla `ps_supply_order`
--

CREATE TABLE IF NOT EXISTS `ps_supply_order` (
  `id_supply_order` int(11) unsigned NOT NULL AUTO_INCREMENT,
  `id_supplier` int(11) unsigned NOT NULL,
  `supplier_name` varchar(64) NOT NULL,
  `id_lang` int(11) unsigned NOT NULL,
  `id_warehouse` int(11) unsigned NOT NULL,
  `id_supply_order_state` int(11) unsigned NOT NULL,
  `id_currency` int(11) unsigned NOT NULL,
  `id_ref_currency` int(11) unsigned NOT NULL,
  `reference` varchar(64) NOT NULL,
  `date_add` datetime NOT NULL,
  `date_upd` datetime NOT NULL,
  `date_delivery_expected` datetime DEFAULT NULL,
  `total_te` decimal(20,6) DEFAULT '0.000000',
  `total_with_discount_te` decimal(20,6) DEFAULT '0.000000',
  `total_tax` decimal(20,6) DEFAULT '0.000000',
  `total_ti` decimal(20,6) DEFAULT '0.000000',
  `discount_rate` decimal(20,6) DEFAULT '0.000000',
  `discount_value_te` decimal(20,6) DEFAULT '0.000000',
  `is_template` tinyint(1) DEFAULT '0',
  PRIMARY KEY (`id_supply_order`),
  KEY `id_supplier` (`id_supplier`),
  KEY `id_warehouse` (`id_warehouse`),
  KEY `reference` (`reference`)
) ENGINE=InnoDB DEFAULT CHARSET=utf8 AUTO_INCREMENT=1 ;

-- --------------------------------------------------------

--
-- Estructura de tabla para la tabla `ps_supply_order_detail`
--

CREATE TABLE IF NOT EXISTS `ps_supply_order_detail` (
  `id_supply_order_detail` int(11) unsigned NOT NULL AUTO_INCREMENT,
  `id_supply_order` int(11) unsigned NOT NULL,
  `id_currency` int(11) unsigned NOT NULL,
  `id_product` int(11) unsigned NOT NULL,
  `id_product_attribute` int(11) unsigned NOT NULL,
  `reference` varchar(32) NOT NULL,
  `supplier_reference` varchar(32) NOT NULL,
  `name` varchar(128) NOT NULL,
  `ean13` varchar(13) DEFAULT NULL,
  `isbn` varchar(32) DEFAULT NULL,
  `upc` varchar(12) DEFAULT NULL,
  `exchange_rate` decimal(20,6) DEFAULT '0.000000',
  `unit_price_te` decimal(20,6) DEFAULT '0.000000',
  `quantity_expected` int(11) unsigned NOT NULL,
  `quantity_received` int(11) unsigned NOT NULL,
  `price_te` decimal(20,6) DEFAULT '0.000000',
  `discount_rate` decimal(20,6) DEFAULT '0.000000',
  `discount_value_te` decimal(20,6) DEFAULT '0.000000',
  `price_with_discount_te` decimal(20,6) DEFAULT '0.000000',
  `tax_rate` decimal(20,6) DEFAULT '0.000000',
  `tax_value` decimal(20,6) DEFAULT '0.000000',
  `price_ti` decimal(20,6) DEFAULT '0.000000',
  `tax_value_with_order_discount` decimal(20,6) DEFAULT '0.000000',
  `price_with_order_discount_te` decimal(20,6) DEFAULT '0.000000',
  PRIMARY KEY (`id_supply_order_detail`),
  KEY `id_supply_order` (`id_supply_order`,`id_product`),
  KEY `id_product_attribute` (`id_product_attribute`),
  KEY `id_product_product_attribute` (`id_product`,`id_product_attribute`)
) ENGINE=InnoDB DEFAULT CHARSET=utf8 AUTO_INCREMENT=1 ;

-- --------------------------------------------------------

--
-- Estructura de tabla para la tabla `ps_supply_order_history`
--

CREATE TABLE IF NOT EXISTS `ps_supply_order_history` (
  `id_supply_order_history` int(11) unsigned NOT NULL AUTO_INCREMENT,
  `id_supply_order` int(11) unsigned NOT NULL,
  `id_employee` int(11) unsigned NOT NULL,
  `employee_lastname` varchar(32) DEFAULT '',
  `employee_firstname` varchar(32) DEFAULT '',
  `id_state` int(11) unsigned NOT NULL,
  `date_add` datetime NOT NULL,
  PRIMARY KEY (`id_supply_order_history`),
  KEY `id_supply_order` (`id_supply_order`),
  KEY `id_employee` (`id_employee`),
  KEY `id_state` (`id_state`)
) ENGINE=InnoDB DEFAULT CHARSET=utf8 AUTO_INCREMENT=1 ;

-- --------------------------------------------------------

--
-- Estructura de tabla para la tabla `ps_supply_order_receipt_history`
--

CREATE TABLE IF NOT EXISTS `ps_supply_order_receipt_history` (
  `id_supply_order_receipt_history` int(11) unsigned NOT NULL AUTO_INCREMENT,
  `id_supply_order_detail` int(11) unsigned NOT NULL,
  `id_employee` int(11) unsigned NOT NULL,
  `employee_lastname` varchar(32) DEFAULT '',
  `employee_firstname` varchar(32) DEFAULT '',
  `id_supply_order_state` int(11) unsigned NOT NULL,
  `quantity` int(11) unsigned NOT NULL,
  `date_add` datetime NOT NULL,
  PRIMARY KEY (`id_supply_order_receipt_history`),
  KEY `id_supply_order_detail` (`id_supply_order_detail`),
  KEY `id_supply_order_state` (`id_supply_order_state`)
) ENGINE=InnoDB DEFAULT CHARSET=utf8 AUTO_INCREMENT=1 ;

-- --------------------------------------------------------

--
-- Estructura de tabla para la tabla `ps_supply_order_state`
--

CREATE TABLE IF NOT EXISTS `ps_supply_order_state` (
  `id_supply_order_state` int(11) unsigned NOT NULL AUTO_INCREMENT,
  `delivery_note` tinyint(1) NOT NULL DEFAULT '0',
  `editable` tinyint(1) NOT NULL DEFAULT '0',
  `receipt_state` tinyint(1) NOT NULL DEFAULT '0',
  `pending_receipt` tinyint(1) NOT NULL DEFAULT '0',
  `enclosed` tinyint(1) NOT NULL DEFAULT '0',
  `color` varchar(32) DEFAULT NULL,
  PRIMARY KEY (`id_supply_order_state`)
) ENGINE=InnoDB  DEFAULT CHARSET=utf8 AUTO_INCREMENT=7 ;

--
-- Volcado de datos para la tabla `ps_supply_order_state`
--

INSERT INTO `ps_supply_order_state` (`id_supply_order_state`, `delivery_note`, `editable`, `receipt_state`, `pending_receipt`, `enclosed`, `color`) VALUES
(1, 0, 1, 0, 0, 0, '#faab00'),
(2, 1, 0, 0, 0, 0, '#273cff'),
(3, 0, 0, 0, 1, 0, '#ff37f5'),
(4, 0, 0, 1, 1, 0, '#ff3e33'),
(5, 0, 0, 1, 0, 1, '#00d60c'),
(6, 0, 0, 0, 0, 1, '#666666');

-- --------------------------------------------------------

--
-- Estructura de tabla para la tabla `ps_supply_order_state_lang`
--

CREATE TABLE IF NOT EXISTS `ps_supply_order_state_lang` (
  `id_supply_order_state` int(11) unsigned NOT NULL,
  `id_lang` int(11) unsigned NOT NULL,
  `name` varchar(128) DEFAULT NULL,
  PRIMARY KEY (`id_supply_order_state`,`id_lang`)
) ENGINE=InnoDB DEFAULT CHARSET=utf8;

--
-- Volcado de datos para la tabla `ps_supply_order_state_lang`
--

INSERT INTO `ps_supply_order_state_lang` (`id_supply_order_state`, `id_lang`, `name`) VALUES
(1, 1, '1 - Creación en proceso'),
(1, 2, '1 - Creation in progress'),
(1, 3, '1 - Creation in progress'),
(1, 4, '1 - Creation in progress'),
(2, 1, '2 - Pedido validado'),
(2, 2, '2 - Order validated'),
(2, 3, '2 - Order validated'),
(2, 4, '2 - Order validated'),
(3, 1, '3 - Pendiente de recepción'),
(3, 2, '3 - Pending receipt'),
(3, 3, '3 - Pending receipt'),
(3, 4, '3 - Pending receipt'),
(4, 1, '4 - Pedido recibido parcialmente'),
(4, 2, '4 - Order received in part'),
(4, 3, '4 - Order received in part'),
(4, 4, '4 - Order received in part'),
(5, 1, '5 - Pedido recibido al completo'),
(5, 2, '5 - Order received completely'),
(5, 3, '5 - Order received completely'),
(5, 4, '5 - Order received completely'),
(6, 1, '6 - Pedido cancelado'),
(6, 2, '6 - Order canceled'),
(6, 3, '6 - Order canceled'),
(6, 4, '6 - Order canceled');

-- --------------------------------------------------------

--
-- Estructura de tabla para la tabla `ps_tab`
--

CREATE TABLE IF NOT EXISTS `ps_tab` (
  `id_tab` int(11) NOT NULL AUTO_INCREMENT,
  `id_parent` int(11) NOT NULL,
  `position` int(11) NOT NULL,
  `module` varchar(64) COLLATE utf8_unicode_ci DEFAULT NULL,
  `class_name` varchar(64) COLLATE utf8_unicode_ci DEFAULT NULL,
  `active` tinyint(1) NOT NULL,
  `hide_host_mode` tinyint(1) NOT NULL,
  `icon` varchar(32) COLLATE utf8_unicode_ci DEFAULT NULL,
  PRIMARY KEY (`id_tab`)
) ENGINE=InnoDB  DEFAULT CHARSET=utf8 COLLATE=utf8_unicode_ci AUTO_INCREMENT=122 ;

--
-- Volcado de datos para la tabla `ps_tab`
--

INSERT INTO `ps_tab` (`id_tab`, `id_parent`, `position`, `module`, `class_name`, `active`, `hide_host_mode`, `icon`) VALUES
(1, 0, 1, NULL, 'AdminDashboard', 1, 0, 'trending_up'),
(2, 0, 2, NULL, 'SELL', 1, 0, ''),
(3, 2, 1, NULL, 'AdminParentOrders', 1, 0, 'shopping_basket'),
(4, 3, 1, NULL, 'AdminOrders', 1, 0, ''),
(5, 3, 2, NULL, 'AdminInvoices', 1, 0, ''),
(6, 3, 3, NULL, 'AdminSlip', 1, 0, ''),
(7, 3, 4, NULL, 'AdminDeliverySlip', 1, 0, ''),
(8, 3, 5, NULL, 'AdminCarts', 1, 0, ''),
(9, 2, 2, NULL, 'AdminCatalog', 1, 0, 'store'),
(10, 9, 1, NULL, 'AdminProducts', 1, 0, ''),
(11, 9, 2, NULL, 'AdminCategories', 1, 0, ''),
(12, 9, 3, NULL, 'AdminTracking', 1, 0, ''),
(13, 9, 4, NULL, 'AdminParentAttributesGroups', 1, 0, ''),
(14, 13, 1, NULL, 'AdminAttributesGroups', 1, 0, ''),
(15, 13, 2, NULL, 'AdminFeatures', 1, 0, ''),
(16, 9, 5, NULL, 'AdminParentManufacturers', 1, 0, ''),
(17, 16, 1, NULL, 'AdminManufacturers', 1, 0, ''),
(18, 16, 2, NULL, 'AdminSuppliers', 1, 0, ''),
(19, 9, 6, NULL, 'AdminAttachments', 1, 0, ''),
(20, 9, 7, NULL, 'AdminParentCartRules', 1, 0, ''),
(21, 20, 1, NULL, 'AdminCartRules', 1, 0, ''),
(22, 20, 2, NULL, 'AdminSpecificPriceRule', 1, 0, ''),
(23, 9, 8, NULL, 'AdminStockManagement', 1, 0, ''),
(24, 2, 3, NULL, 'AdminParentCustomer', 1, 0, 'account_circle'),
(25, 24, 1, NULL, 'AdminCustomers', 1, 0, ''),
(26, 24, 2, NULL, 'AdminAddresses', 1, 0, ''),
(27, 24, 3, '', 'AdminOutstanding', 0, 0, ''),
(28, 2, 4, NULL, 'AdminParentCustomerThreads', 1, 0, 'chat'),
(29, 28, 1, NULL, 'AdminCustomerThreads', 1, 0, ''),
(30, 28, 2, NULL, 'AdminOrderMessage', 1, 0, ''),
(31, 28, 3, NULL, 'AdminReturn', 1, 0, ''),
(32, 2, 5, NULL, 'AdminStats', 1, 0, 'assessment'),
(33, 2, 6, NULL, 'AdminStock', 1, 0, 'store'),
(34, 33, 1, NULL, 'AdminWarehouses', 1, 0, ''),
(35, 33, 2, NULL, 'AdminParentStockManagement', 1, 0, ''),
(36, 35, 1, NULL, 'AdminStockManagement', 1, 0, ''),
(37, 36, 1, NULL, 'AdminStockMvt', 1, 0, ''),
(38, 36, 2, NULL, 'AdminStockInstantState', 1, 0, ''),
(39, 36, 3, NULL, 'AdminStockCover', 1, 0, ''),
(40, 33, 3, NULL, 'AdminSupplyOrders', 1, 0, ''),
(41, 33, 4, NULL, 'AdminStockConfiguration', 1, 0, ''),
(42, 0, 3, NULL, 'IMPROVE', 1, 0, ''),
(43, 42, 1, NULL, 'AdminParentModulesSf', 1, 0, 'extension'),
(44, 43, 1, NULL, 'AdminModulesSf', 1, 0, ''),
(45, 43, 2, NULL, 'AdminModules', 0, 0, ''),
(46, 43, 3, NULL, 'AdminAddonsCatalog', 1, 0, ''),
(47, 42, 2, NULL, 'AdminParentThemes', 1, 0, 'desktop_mac'),
(48, 47, 1, NULL, 'AdminThemes', 1, 0, ''),
(49, 47, 2, NULL, 'AdminThemesCatalog', 1, 0, ''),
(50, 47, 3, NULL, 'AdminCmsContent', 1, 0, ''),
(51, 47, 4, NULL, 'AdminModulesPositions', 1, 0, ''),
(52, 47, 5, NULL, 'AdminImages', 1, 0, ''),
(53, 42, 3, NULL, 'AdminParentShipping', 1, 0, 'local_shipping'),
(54, 53, 1, NULL, 'AdminCarriers', 1, 0, ''),
(55, 53, 2, NULL, 'AdminShipping', 1, 0, ''),
(56, 42, 4, NULL, 'AdminParentPayment', 1, 0, 'payment'),
(57, 56, 1, NULL, 'AdminPayment', 1, 0, ''),
(58, 56, 2, NULL, 'AdminPaymentPreferences', 1, 0, ''),
(59, 42, 5, NULL, 'AdminInternational', 1, 0, 'language'),
(60, 59, 1, NULL, 'AdminParentLocalization', 1, 0, ''),
(61, 60, 1, NULL, 'AdminLocalization', 1, 0, ''),
(62, 60, 2, NULL, 'AdminLanguages', 1, 0, ''),
(63, 60, 3, NULL, 'AdminCurrencies', 1, 0, ''),
(64, 60, 4, NULL, 'AdminGeolocation', 1, 0, ''),
(65, 59, 2, NULL, 'AdminParentCountries', 1, 0, ''),
(66, 65, 1, NULL, 'AdminCountries', 1, 0, ''),
(67, 65, 2, NULL, 'AdminZones', 1, 0, ''),
(68, 65, 3, NULL, 'AdminStates', 1, 0, ''),
(69, 59, 3, NULL, 'AdminParentTaxes', 1, 0, ''),
(70, 69, 1, NULL, 'AdminTaxes', 1, 0, ''),
(71, 69, 2, NULL, 'AdminTaxRulesGroup', 1, 0, ''),
(72, 59, 4, NULL, 'AdminTranslations', 1, 0, ''),
(73, 0, 4, NULL, 'CONFIGURE', 1, 0, ''),
(74, 73, 1, NULL, 'ShopParameters', 1, 0, 'settings'),
(75, 74, 1, NULL, 'AdminParentPreferences', 1, 0, ''),
(76, 75, 1, NULL, 'AdminPreferences', 1, 0, ''),
(77, 75, 2, NULL, 'AdminMaintenance', 1, 0, ''),
(78, 74, 2, NULL, 'AdminParentOrderPreferences', 1, 0, ''),
(79, 78, 1, NULL, 'AdminOrderPreferences', 1, 0, ''),
(80, 78, 2, NULL, 'AdminStatuses', 1, 0, ''),
(81, 74, 3, NULL, 'AdminPPreferences', 1, 0, ''),
(82, 74, 4, NULL, 'AdminParentCustomerPreferences', 1, 0, ''),
(83, 82, 1, NULL, 'AdminCustomerPreferences', 1, 0, ''),
(84, 82, 2, NULL, 'AdminGroups', 1, 0, ''),
(85, 82, 3, NULL, 'AdminGenders', 1, 0, ''),
(86, 74, 5, NULL, 'AdminParentStores', 1, 0, ''),
(87, 86, 1, NULL, 'AdminContacts', 1, 0, ''),
(88, 86, 2, NULL, 'AdminStores', 1, 0, ''),
(89, 74, 6, NULL, 'AdminParentMeta', 1, 0, ''),
(90, 89, 1, NULL, 'AdminMeta', 1, 0, ''),
(91, 89, 2, NULL, 'AdminSearchEngines', 1, 0, ''),
(92, 89, 3, NULL, 'AdminReferrers', 1, 0, ''),
(93, 74, 7, NULL, 'AdminParentSearchConf', 1, 0, ''),
(94, 93, 1, NULL, 'AdminSearchConf', 1, 0, ''),
(95, 93, 2, NULL, 'AdminTags', 1, 0, ''),
(96, 73, 2, NULL, 'AdminAdvancedParameters', 1, 0, 'settings_applications'),
(97, 96, 1, NULL, 'AdminInformation', 1, 0, ''),
(98, 96, 2, NULL, 'AdminPerformance', 1, 0, ''),
(99, 96, 3, NULL, 'AdminAdminPreferences', 1, 0, ''),
(100, 96, 4, NULL, 'AdminEmails', 1, 0, ''),
(101, 96, 5, NULL, 'AdminImport', 1, 0, ''),
(102, 96, 6, NULL, 'AdminParentEmployees', 1, 0, ''),
(103, 102, 1, NULL, 'AdminEmployees', 1, 0, ''),
(104, 102, 2, NULL, 'AdminProfiles', 1, 0, ''),
(105, 102, 3, NULL, 'AdminAccess', 1, 0, ''),
(106, 96, 7, NULL, 'AdminParentRequestSql', 1, 0, ''),
(107, 106, 1, NULL, 'AdminRequestSql', 1, 0, ''),
(108, 106, 2, NULL, 'AdminBackup', 1, 0, ''),
(109, 96, 8, NULL, 'AdminLogs', 1, 0, ''),
(110, 96, 9, NULL, 'AdminWebservice', 1, 0, ''),
(111, 96, 10, NULL, 'AdminShopGroup', 0, 0, ''),
(112, 96, 11, NULL, 'AdminShopUrl', 0, 0, ''),
(113, -1, 1, NULL, 'AdminQuickAccesses', 1, 0, ''),
(114, 0, 5, NULL, 'DEFAULT', 1, 0, ''),
(115, -1, 2, NULL, 'AdminPatterns', 1, 0, ''),
(116, -1, 3, 'dashgoals', 'AdminDashgoals', 1, 0, ''),
(117, 47, 6, 'ps_linklist', 'AdminLinkWidget', 1, 0, ''),
(118, 0, 6, 'welcome', 'AdminWelcome', 1, 0, ''),
(119, 74, 8, 'gamification', 'AdminGamification', 1, 0, ''),
(120, -1, 4, 'cronjobs', 'AdminCronJobs', 1, 0, ''),
(121, 114, 1, 'autoupgrade', 'AdminSelfUpgrade', 1, 0, '');

-- --------------------------------------------------------

--
-- Estructura de tabla para la tabla `ps_tab_advice`
--

CREATE TABLE IF NOT EXISTS `ps_tab_advice` (
  `id_tab` int(11) NOT NULL,
  `id_advice` int(11) NOT NULL,
  PRIMARY KEY (`id_tab`,`id_advice`)
) ENGINE=InnoDB DEFAULT CHARSET=utf8;

--
-- Volcado de datos para la tabla `ps_tab_advice`
--

INSERT INTO `ps_tab_advice` (`id_tab`, `id_advice`) VALUES
(0, 3),
(0, 14),
(0, 56),
(0, 67),
(0, 109),
(0, 120),
(0, 162),
(0, 173),
(0, 215),
(0, 226),
(0, 268),
(0, 279),
(0, 321),
(0, 332),
(0, 374),
(0, 385),
(0, 427),
(0, 438),
(0, 481),
(0, 492),
(0, 535),
(0, 546),
(0, 588),
(0, 599),
(0, 642),
(0, 653),
(0, 697),
(0, 708),
(0, 752),
(0, 763),
(0, 807),
(0, 818),
(0, 862),
(0, 873),
(0, 917),
(0, 928),
(0, 972),
(0, 983),
(0, 1027),
(0, 1038),
(0, 1079),
(0, 1090),
(0, 1130),
(0, 1141),
(0, 1181),
(0, 1232),
(0, 1283),
(0, 1334),
(0, 1385),
(0, 1437),
(0, 1489),
(0, 1542),
(0, 1594),
(0, 1646),
(0, 1698),
(0, 1750),
(0, 1802),
(0, 1854),
(0, 1906),
(0, 1958),
(0, 2010),
(0, 2062),
(0, 2114),
(0, 2166),
(0, 2218),
(0, 2270),
(0, 2322),
(0, 2374),
(0, 2426),
(0, 2478),
(0, 2530),
(0, 2582),
(0, 2634),
(0, 2686),
(0, 2738),
(0, 2790),
(0, 2842),
(0, 2894),
(0, 2946),
(0, 2998),
(0, 3050),
(0, 3102),
(0, 3154),
(0, 3206),
(0, 3258),
(0, 3311),
(1, 1),
(1, 3),
(1, 10),
(1, 16),
(1, 17),
(1, 18),
(1, 19),
(1, 20),
(1, 22),
(1, 24),
(1, 25),
(1, 26),
(1, 27),
(1, 28),
(1, 29),
(1, 30),
(1, 31),
(1, 32),
(1, 33),
(1, 34),
(1, 35),
(1, 36),
(1, 37),
(1, 38),
(1, 39),
(1, 40),
(1, 41),
(1, 42),
(1, 43),
(1, 44),
(1, 45),
(1, 46),
(1, 47),
(1, 48),
(1, 49),
(1, 50),
(1, 51),
(1, 52),
(1, 53),
(1, 54),
(1, 56),
(1, 63),
(1, 69),
(1, 70),
(1, 71),
(1, 72),
(1, 73),
(1, 75),
(1, 77),
(1, 78),
(1, 79),
(1, 80),
(1, 81),
(1, 82),
(1, 83),
(1, 84),
(1, 85),
(1, 86),
(1, 87),
(1, 88),
(1, 89),
(1, 90),
(1, 91),
(1, 92),
(1, 93),
(1, 94),
(1, 95),
(1, 96),
(1, 97),
(1, 98),
(1, 99),
(1, 100),
(1, 101),
(1, 102),
(1, 103),
(1, 104),
(1, 105),
(1, 106),
(1, 107),
(1, 109),
(1, 116),
(1, 122),
(1, 123),
(1, 124),
(1, 125),
(1, 126),
(1, 128),
(1, 130),
(1, 131),
(1, 132),
(1, 133),
(1, 134),
(1, 135),
(1, 136),
(1, 137),
(1, 138),
(1, 139),
(1, 140),
(1, 141),
(1, 142),
(1, 143),
(1, 144),
(1, 145),
(1, 146),
(1, 147),
(1, 148),
(1, 149),
(1, 150),
(1, 151),
(1, 152),
(1, 153),
(1, 154),
(1, 155),
(1, 156),
(1, 157),
(1, 158),
(1, 159),
(1, 160),
(1, 162),
(1, 169),
(1, 175),
(1, 176),
(1, 177),
(1, 178),
(1, 179),
(1, 181),
(1, 183),
(1, 184),
(1, 185),
(1, 186),
(1, 187),
(1, 188),
(1, 189),
(1, 190),
(1, 191),
(1, 192),
(1, 193),
(1, 194),
(1, 195),
(1, 196),
(1, 197),
(1, 198),
(1, 199),
(1, 200),
(1, 201),
(1, 202),
(1, 203),
(1, 204),
(1, 205),
(1, 206),
(1, 207),
(1, 208),
(1, 209),
(1, 210),
(1, 211),
(1, 212),
(1, 213),
(1, 215),
(1, 222),
(1, 228),
(1, 229),
(1, 230),
(1, 231),
(1, 232),
(1, 234),
(1, 236),
(1, 237),
(1, 238),
(1, 239),
(1, 240),
(1, 241),
(1, 242),
(1, 243),
(1, 244),
(1, 245),
(1, 246),
(1, 247),
(1, 248),
(1, 249),
(1, 250),
(1, 251),
(1, 252),
(1, 253),
(1, 254),
(1, 255),
(1, 256),
(1, 257),
(1, 258),
(1, 259),
(1, 260),
(1, 261),
(1, 262),
(1, 263),
(1, 264),
(1, 265),
(1, 266),
(1, 268),
(1, 275),
(1, 281),
(1, 282),
(1, 283),
(1, 284),
(1, 285),
(1, 287),
(1, 289),
(1, 290),
(1, 291),
(1, 292),
(1, 293),
(1, 294),
(1, 295),
(1, 296),
(1, 297),
(1, 298),
(1, 299),
(1, 300),
(1, 301),
(1, 302),
(1, 303),
(1, 304),
(1, 305),
(1, 306),
(1, 307),
(1, 308),
(1, 309),
(1, 310),
(1, 311),
(1, 312),
(1, 313),
(1, 314),
(1, 315),
(1, 316),
(1, 317),
(1, 318),
(1, 319),
(1, 321),
(1, 328),
(1, 334),
(1, 335),
(1, 336),
(1, 337),
(1, 338),
(1, 340),
(1, 342),
(1, 343),
(1, 344),
(1, 345),
(1, 346),
(1, 347),
(1, 348),
(1, 349),
(1, 350),
(1, 351),
(1, 352),
(1, 353),
(1, 354),
(1, 355),
(1, 356),
(1, 357),
(1, 358),
(1, 359),
(1, 360),
(1, 361),
(1, 362),
(1, 363),
(1, 364),
(1, 365),
(1, 366),
(1, 367),
(1, 368),
(1, 369),
(1, 370),
(1, 371),
(1, 372),
(1, 374),
(1, 381),
(1, 387),
(1, 388),
(1, 389),
(1, 390),
(1, 391),
(1, 393),
(1, 395),
(1, 396),
(1, 397),
(1, 398),
(1, 399),
(1, 400),
(1, 401),
(1, 402),
(1, 403),
(1, 404),
(1, 405),
(1, 406),
(1, 407),
(1, 408),
(1, 409),
(1, 410),
(1, 411),
(1, 412),
(1, 413),
(1, 414),
(1, 415),
(1, 416),
(1, 417),
(1, 418),
(1, 419),
(1, 420),
(1, 421),
(1, 422),
(1, 423),
(1, 424),
(1, 425),
(1, 427),
(1, 434),
(1, 440),
(1, 441),
(1, 442),
(1, 443),
(1, 444),
(1, 446),
(1, 448),
(1, 449),
(1, 450),
(1, 451),
(1, 452),
(1, 453),
(1, 454),
(1, 455),
(1, 456),
(1, 457),
(1, 458),
(1, 459),
(1, 460),
(1, 461),
(1, 462),
(1, 463),
(1, 464),
(1, 465),
(1, 466),
(1, 467),
(1, 468),
(1, 469),
(1, 470),
(1, 471),
(1, 472),
(1, 473),
(1, 474),
(1, 475),
(1, 476),
(1, 477),
(1, 478),
(1, 479),
(1, 481),
(1, 488),
(1, 494),
(1, 495),
(1, 496),
(1, 497),
(1, 498),
(1, 500),
(1, 502),
(1, 503),
(1, 504),
(1, 505),
(1, 506),
(1, 507),
(1, 508),
(1, 509),
(1, 510),
(1, 511),
(1, 512),
(1, 513),
(1, 514),
(1, 515),
(1, 516),
(1, 517),
(1, 518),
(1, 519),
(1, 520),
(1, 521),
(1, 522),
(1, 523),
(1, 524),
(1, 525),
(1, 526),
(1, 527),
(1, 528),
(1, 529),
(1, 530),
(1, 531),
(1, 532),
(1, 533),
(1, 535),
(1, 542),
(1, 548),
(1, 549),
(1, 550),
(1, 551),
(1, 552),
(1, 554),
(1, 556),
(1, 557),
(1, 558),
(1, 559),
(1, 560),
(1, 561),
(1, 562),
(1, 563),
(1, 564),
(1, 565),
(1, 566),
(1, 567),
(1, 568),
(1, 569),
(1, 570),
(1, 571),
(1, 572),
(1, 573),
(1, 574),
(1, 575),
(1, 576),
(1, 577),
(1, 578),
(1, 579),
(1, 580),
(1, 581),
(1, 582),
(1, 583),
(1, 584),
(1, 585),
(1, 586),
(1, 588),
(1, 595),
(1, 603),
(1, 604),
(1, 605),
(1, 606),
(1, 607),
(1, 608),
(1, 609),
(1, 610),
(1, 611),
(1, 612),
(1, 613),
(1, 614),
(1, 615),
(1, 616),
(1, 617),
(1, 618),
(1, 619),
(1, 620),
(1, 621),
(1, 622),
(1, 623),
(1, 624),
(1, 625),
(1, 626),
(1, 627),
(1, 628),
(1, 629),
(1, 630),
(1, 631),
(1, 632),
(1, 633),
(1, 634),
(1, 635),
(1, 636),
(1, 637),
(1, 638),
(1, 639),
(1, 640),
(1, 642),
(1, 649),
(1, 657),
(1, 658),
(1, 659),
(1, 660),
(1, 661),
(1, 662),
(1, 663),
(1, 664),
(1, 665),
(1, 666),
(1, 667),
(1, 668),
(1, 669),
(1, 670),
(1, 671),
(1, 672),
(1, 673),
(1, 674),
(1, 675),
(1, 676),
(1, 677),
(1, 678),
(1, 679),
(1, 680),
(1, 681),
(1, 682),
(1, 683),
(1, 684),
(1, 685),
(1, 686),
(1, 687),
(1, 688),
(1, 689),
(1, 690),
(1, 691),
(1, 692),
(1, 693),
(1, 694),
(1, 695),
(1, 697),
(1, 704),
(1, 712),
(1, 713),
(1, 714),
(1, 715),
(1, 716),
(1, 717),
(1, 718),
(1, 719),
(1, 720),
(1, 721),
(1, 722),
(1, 723),
(1, 724),
(1, 725),
(1, 726),
(1, 727),
(1, 728),
(1, 729),
(1, 730),
(1, 731),
(1, 732),
(1, 733),
(1, 734),
(1, 735),
(1, 736),
(1, 737),
(1, 738),
(1, 739),
(1, 740),
(1, 741),
(1, 742),
(1, 743),
(1, 744),
(1, 745),
(1, 746),
(1, 747),
(1, 748),
(1, 749),
(1, 750),
(1, 752),
(1, 759),
(1, 767),
(1, 768),
(1, 769),
(1, 770),
(1, 771),
(1, 772),
(1, 773),
(1, 774),
(1, 775),
(1, 776),
(1, 777),
(1, 778),
(1, 779),
(1, 780),
(1, 781),
(1, 782),
(1, 783),
(1, 784),
(1, 785),
(1, 786),
(1, 787),
(1, 788),
(1, 789),
(1, 790),
(1, 791),
(1, 792),
(1, 793),
(1, 794),
(1, 795),
(1, 796),
(1, 797),
(1, 798),
(1, 799),
(1, 800),
(1, 801),
(1, 802),
(1, 803),
(1, 804),
(1, 805),
(1, 807),
(1, 814),
(1, 822),
(1, 823),
(1, 824),
(1, 825),
(1, 826),
(1, 827),
(1, 828),
(1, 829),
(1, 830),
(1, 831),
(1, 832),
(1, 833),
(1, 834),
(1, 835),
(1, 836),
(1, 837),
(1, 838),
(1, 839),
(1, 840),
(1, 841),
(1, 842),
(1, 843),
(1, 844),
(1, 845),
(1, 846),
(1, 847),
(1, 848),
(1, 849),
(1, 850),
(1, 851),
(1, 852),
(1, 853),
(1, 854),
(1, 855),
(1, 856),
(1, 857),
(1, 858),
(1, 859),
(1, 860),
(1, 862),
(1, 869),
(1, 877),
(1, 878),
(1, 879),
(1, 880),
(1, 881),
(1, 882),
(1, 883),
(1, 884),
(1, 885),
(1, 886),
(1, 887),
(1, 888),
(1, 889),
(1, 890),
(1, 891),
(1, 892),
(1, 893),
(1, 894),
(1, 895),
(1, 896),
(1, 897),
(1, 898),
(1, 899),
(1, 900),
(1, 901),
(1, 902),
(1, 903),
(1, 904),
(1, 905),
(1, 906),
(1, 907),
(1, 908),
(1, 909),
(1, 910),
(1, 911),
(1, 912),
(1, 913),
(1, 914),
(1, 915),
(1, 917),
(1, 924),
(1, 932),
(1, 933),
(1, 934),
(1, 935),
(1, 936),
(1, 937),
(1, 938),
(1, 939),
(1, 940),
(1, 941),
(1, 942),
(1, 943),
(1, 944),
(1, 945),
(1, 946),
(1, 947),
(1, 948),
(1, 949),
(1, 950),
(1, 951),
(1, 952),
(1, 953),
(1, 954),
(1, 955),
(1, 956),
(1, 957),
(1, 958),
(1, 959),
(1, 960),
(1, 961),
(1, 962),
(1, 963),
(1, 964),
(1, 965),
(1, 966),
(1, 967),
(1, 968),
(1, 969),
(1, 970),
(1, 972),
(1, 979),
(1, 987),
(1, 988),
(1, 989),
(1, 990),
(1, 991),
(1, 992),
(1, 993),
(1, 994),
(1, 995),
(1, 996),
(1, 997),
(1, 998),
(1, 999),
(1, 1000),
(1, 1001),
(1, 1002),
(1, 1003),
(1, 1004),
(1, 1005),
(1, 1006),
(1, 1007),
(1, 1008),
(1, 1009),
(1, 1010),
(1, 1011),
(1, 1012),
(1, 1013),
(1, 1014),
(1, 1015),
(1, 1016),
(1, 1017),
(1, 1018),
(1, 1019),
(1, 1020),
(1, 1021),
(1, 1022),
(1, 1023),
(1, 1024),
(1, 1025),
(1, 1027),
(1, 1034),
(1, 1042),
(1, 1043),
(1, 1044),
(1, 1045),
(1, 1046),
(1, 1047),
(1, 1048),
(1, 1049),
(1, 1050),
(1, 1051),
(1, 1052),
(1, 1053),
(1, 1054),
(1, 1055),
(1, 1056),
(1, 1057),
(1, 1058),
(1, 1059),
(1, 1060),
(1, 1061),
(1, 1062),
(1, 1063),
(1, 1064),
(1, 1065),
(1, 1066),
(1, 1067),
(1, 1068),
(1, 1069),
(1, 1070),
(1, 1071),
(1, 1072),
(1, 1073),
(1, 1074),
(1, 1075),
(1, 1076),
(1, 1077),
(1, 1079),
(1, 1086),
(1, 1094),
(1, 1095),
(1, 1096),
(1, 1097),
(1, 1098),
(1, 1099),
(1, 1100),
(1, 1101),
(1, 1102),
(1, 1103),
(1, 1104),
(1, 1105),
(1, 1106),
(1, 1107),
(1, 1108),
(1, 1109),
(1, 1110),
(1, 1111),
(1, 1112),
(1, 1113),
(1, 1114),
(1, 1115),
(1, 1116),
(1, 1117),
(1, 1118),
(1, 1119),
(1, 1120),
(1, 1121),
(1, 1122),
(1, 1123),
(1, 1124),
(1, 1125),
(1, 1126),
(1, 1127),
(1, 1128),
(1, 1130),
(1, 1137),
(1, 1145),
(1, 1146),
(1, 1147),
(1, 1148),
(1, 1149),
(1, 1150),
(1, 1151),
(1, 1152),
(1, 1153),
(1, 1154),
(1, 1155),
(1, 1156),
(1, 1157),
(1, 1158),
(1, 1159),
(1, 1160),
(1, 1161),
(1, 1162),
(1, 1163),
(1, 1164),
(1, 1165),
(1, 1166),
(1, 1167),
(1, 1168),
(1, 1169),
(1, 1170),
(1, 1171),
(1, 1172),
(1, 1173),
(1, 1174),
(1, 1175),
(1, 1176),
(1, 1177),
(1, 1178),
(1, 1179),
(1, 1181),
(1, 1188),
(1, 1196),
(1, 1197),
(1, 1198),
(1, 1199),
(1, 1200),
(1, 1201),
(1, 1202),
(1, 1203),
(1, 1204),
(1, 1205),
(1, 1206),
(1, 1207),
(1, 1208),
(1, 1209),
(1, 1210),
(1, 1211),
(1, 1212),
(1, 1213),
(1, 1214),
(1, 1215),
(1, 1216),
(1, 1217),
(1, 1218),
(1, 1219),
(1, 1220),
(1, 1221),
(1, 1222),
(1, 1223),
(1, 1224),
(1, 1225),
(1, 1226),
(1, 1227),
(1, 1228),
(1, 1229),
(1, 1230),
(1, 1232),
(1, 1239),
(1, 1247),
(1, 1248),
(1, 1249),
(1, 1250),
(1, 1251),
(1, 1252),
(1, 1253),
(1, 1254),
(1, 1255),
(1, 1256),
(1, 1257),
(1, 1258),
(1, 1259),
(1, 1260),
(1, 1261),
(1, 1262),
(1, 1263),
(1, 1264),
(1, 1265),
(1, 1266),
(1, 1267),
(1, 1268),
(1, 1269),
(1, 1270),
(1, 1271),
(1, 1272),
(1, 1273),
(1, 1274),
(1, 1275),
(1, 1276),
(1, 1277),
(1, 1278),
(1, 1279),
(1, 1280),
(1, 1281),
(1, 1283),
(1, 1290),
(1, 1298),
(1, 1299),
(1, 1300),
(1, 1301),
(1, 1302),
(1, 1303),
(1, 1304),
(1, 1305),
(1, 1306),
(1, 1307),
(1, 1308),
(1, 1309),
(1, 1310),
(1, 1311),
(1, 1312),
(1, 1313),
(1, 1314),
(1, 1315),
(1, 1316),
(1, 1317),
(1, 1318),
(1, 1319),
(1, 1320),
(1, 1321),
(1, 1322),
(1, 1323),
(1, 1324),
(1, 1325),
(1, 1326),
(1, 1327),
(1, 1328),
(1, 1329),
(1, 1330),
(1, 1331),
(1, 1332),
(1, 1334),
(1, 1341),
(1, 1349),
(1, 1350),
(1, 1351),
(1, 1352),
(1, 1353),
(1, 1354),
(1, 1355),
(1, 1356),
(1, 1357),
(1, 1358),
(1, 1359),
(1, 1360),
(1, 1361),
(1, 1362),
(1, 1363),
(1, 1364),
(1, 1365),
(1, 1366),
(1, 1367),
(1, 1368),
(1, 1369),
(1, 1370),
(1, 1371),
(1, 1372),
(1, 1373),
(1, 1374),
(1, 1375),
(1, 1376),
(1, 1377),
(1, 1378),
(1, 1379),
(1, 1380),
(1, 1381),
(1, 1382),
(1, 1383),
(1, 1385),
(1, 1392),
(1, 1400),
(1, 1401),
(1, 1402),
(1, 1403),
(1, 1404),
(1, 1405),
(1, 1406),
(1, 1407),
(1, 1408),
(1, 1409),
(1, 1410),
(1, 1411),
(1, 1412),
(1, 1413),
(1, 1414),
(1, 1415),
(1, 1416),
(1, 1417),
(1, 1418),
(1, 1419),
(1, 1420),
(1, 1421),
(1, 1422),
(1, 1423),
(1, 1424),
(1, 1425),
(1, 1426),
(1, 1427),
(1, 1428),
(1, 1429),
(1, 1430),
(1, 1431),
(1, 1432),
(1, 1433),
(1, 1434),
(1, 1435),
(1, 1437),
(1, 1444),
(1, 1452),
(1, 1453),
(1, 1454),
(1, 1455),
(1, 1456),
(1, 1457),
(1, 1458),
(1, 1459),
(1, 1460),
(1, 1461),
(1, 1462),
(1, 1463),
(1, 1464),
(1, 1465),
(1, 1466),
(1, 1467),
(1, 1468),
(1, 1469),
(1, 1470),
(1, 1471),
(1, 1472),
(1, 1473),
(1, 1474),
(1, 1475),
(1, 1476),
(1, 1477),
(1, 1478),
(1, 1479),
(1, 1480),
(1, 1481),
(1, 1482),
(1, 1483),
(1, 1484),
(1, 1485),
(1, 1486),
(1, 1487),
(1, 1489),
(1, 1496),
(1, 1504),
(1, 1505),
(1, 1506),
(1, 1507),
(1, 1508),
(1, 1509),
(1, 1510),
(1, 1511),
(1, 1512),
(1, 1513),
(1, 1514),
(1, 1515),
(1, 1516),
(1, 1517),
(1, 1518),
(1, 1519),
(1, 1520),
(1, 1521),
(1, 1522),
(1, 1523),
(1, 1524),
(1, 1525),
(1, 1526),
(1, 1527),
(1, 1528),
(1, 1529),
(1, 1530),
(1, 1531),
(1, 1532),
(1, 1533),
(1, 1534),
(1, 1535),
(1, 1536),
(1, 1537),
(1, 1538),
(1, 1539),
(1, 1540),
(1, 1542),
(1, 1549),
(1, 1557),
(1, 1558),
(1, 1559),
(1, 1560),
(1, 1561),
(1, 1562),
(1, 1563),
(1, 1564),
(1, 1565),
(1, 1566),
(1, 1567),
(1, 1568),
(1, 1569),
(1, 1570),
(1, 1571),
(1, 1572),
(1, 1573),
(1, 1574),
(1, 1575),
(1, 1576),
(1, 1577),
(1, 1578),
(1, 1579),
(1, 1580),
(1, 1581),
(1, 1582),
(1, 1583),
(1, 1584),
(1, 1585),
(1, 1586),
(1, 1587),
(1, 1588),
(1, 1589),
(1, 1590),
(1, 1591),
(1, 1592),
(1, 1594),
(1, 1601),
(1, 1609),
(1, 1610),
(1, 1611),
(1, 1612),
(1, 1613),
(1, 1614),
(1, 1615),
(1, 1616),
(1, 1617),
(1, 1618),
(1, 1619),
(1, 1620),
(1, 1621),
(1, 1622),
(1, 1623),
(1, 1624),
(1, 1625),
(1, 1626),
(1, 1627),
(1, 1628),
(1, 1629),
(1, 1630),
(1, 1631),
(1, 1632),
(1, 1633),
(1, 1634),
(1, 1635),
(1, 1636),
(1, 1637),
(1, 1638),
(1, 1639),
(1, 1640),
(1, 1641),
(1, 1642),
(1, 1643),
(1, 1644),
(1, 1646),
(1, 1653),
(1, 1661),
(1, 1662),
(1, 1663),
(1, 1664),
(1, 1665),
(1, 1666),
(1, 1667),
(1, 1668),
(1, 1669),
(1, 1670),
(1, 1671),
(1, 1672),
(1, 1673),
(1, 1674),
(1, 1675),
(1, 1676),
(1, 1677),
(1, 1678),
(1, 1679),
(1, 1680),
(1, 1681),
(1, 1682),
(1, 1683),
(1, 1684),
(1, 1685),
(1, 1686),
(1, 1687),
(1, 1688),
(1, 1689),
(1, 1690),
(1, 1691),
(1, 1692),
(1, 1693),
(1, 1694),
(1, 1695),
(1, 1696),
(1, 1698),
(1, 1705),
(1, 1713),
(1, 1714),
(1, 1715),
(1, 1716),
(1, 1717),
(1, 1718),
(1, 1719),
(1, 1720),
(1, 1721),
(1, 1722),
(1, 1723),
(1, 1724),
(1, 1725),
(1, 1726),
(1, 1727),
(1, 1728),
(1, 1729),
(1, 1730),
(1, 1731),
(1, 1732),
(1, 1733),
(1, 1734),
(1, 1735),
(1, 1736),
(1, 1737),
(1, 1738),
(1, 1739),
(1, 1740),
(1, 1741),
(1, 1742),
(1, 1743),
(1, 1744),
(1, 1745),
(1, 1746),
(1, 1747),
(1, 1748),
(1, 1750),
(1, 1757),
(1, 1765),
(1, 1766),
(1, 1767),
(1, 1768),
(1, 1769),
(1, 1770),
(1, 1771),
(1, 1772),
(1, 1773),
(1, 1774),
(1, 1775),
(1, 1776),
(1, 1777),
(1, 1778),
(1, 1779),
(1, 1780),
(1, 1781),
(1, 1782),
(1, 1783),
(1, 1784),
(1, 1785),
(1, 1786),
(1, 1787),
(1, 1788),
(1, 1789),
(1, 1790),
(1, 1791),
(1, 1792),
(1, 1793),
(1, 1794),
(1, 1795),
(1, 1796),
(1, 1797),
(1, 1798),
(1, 1799),
(1, 1800),
(1, 1802),
(1, 1809),
(1, 1817),
(1, 1818),
(1, 1819),
(1, 1820),
(1, 1821),
(1, 1822),
(1, 1823),
(1, 1824),
(1, 1825),
(1, 1826),
(1, 1827),
(1, 1828),
(1, 1829),
(1, 1830),
(1, 1831),
(1, 1832),
(1, 1833),
(1, 1834),
(1, 1835),
(1, 1836),
(1, 1837),
(1, 1838),
(1, 1839),
(1, 1840),
(1, 1841),
(1, 1842),
(1, 1843),
(1, 1844),
(1, 1845),
(1, 1846),
(1, 1847),
(1, 1848),
(1, 1849),
(1, 1850),
(1, 1851),
(1, 1852),
(1, 1854),
(1, 1861),
(1, 1869),
(1, 1870),
(1, 1871),
(1, 1872),
(1, 1873),
(1, 1874),
(1, 1875),
(1, 1876),
(1, 1877),
(1, 1878),
(1, 1879),
(1, 1880),
(1, 1881),
(1, 1882),
(1, 1883),
(1, 1884),
(1, 1885),
(1, 1886),
(1, 1887),
(1, 1888),
(1, 1889),
(1, 1890),
(1, 1891),
(1, 1892),
(1, 1893),
(1, 1894),
(1, 1895),
(1, 1896),
(1, 1897),
(1, 1898),
(1, 1899),
(1, 1900),
(1, 1901),
(1, 1902),
(1, 1903),
(1, 1904),
(1, 1906),
(1, 1913),
(1, 1921),
(1, 1922),
(1, 1923),
(1, 1924),
(1, 1925),
(1, 1926),
(1, 1927),
(1, 1928),
(1, 1929),
(1, 1930),
(1, 1931),
(1, 1932),
(1, 1933),
(1, 1934),
(1, 1935),
(1, 1936),
(1, 1937),
(1, 1938),
(1, 1939),
(1, 1940),
(1, 1941),
(1, 1942),
(1, 1943),
(1, 1944),
(1, 1945),
(1, 1946),
(1, 1947),
(1, 1948),
(1, 1949),
(1, 1950),
(1, 1951),
(1, 1952),
(1, 1953),
(1, 1954),
(1, 1955),
(1, 1956),
(1, 1958),
(1, 1965),
(1, 1973),
(1, 1974),
(1, 1975),
(1, 1976),
(1, 1977),
(1, 1978),
(1, 1979),
(1, 1980),
(1, 1981),
(1, 1982),
(1, 1983),
(1, 1984),
(1, 1985),
(1, 1986),
(1, 1987),
(1, 1988),
(1, 1989),
(1, 1990),
(1, 1991),
(1, 1992),
(1, 1993),
(1, 1994),
(1, 1995),
(1, 1996),
(1, 1997),
(1, 1998),
(1, 1999),
(1, 2000),
(1, 2001),
(1, 2002),
(1, 2003),
(1, 2004),
(1, 2005),
(1, 2006),
(1, 2007),
(1, 2008),
(1, 2010),
(1, 2017),
(1, 2025),
(1, 2026),
(1, 2027),
(1, 2028),
(1, 2029),
(1, 2030),
(1, 2031),
(1, 2032),
(1, 2033),
(1, 2034),
(1, 2035),
(1, 2036),
(1, 2037),
(1, 2038),
(1, 2039),
(1, 2040),
(1, 2041),
(1, 2042),
(1, 2043),
(1, 2044),
(1, 2045),
(1, 2046),
(1, 2047),
(1, 2048),
(1, 2049),
(1, 2050),
(1, 2051),
(1, 2052),
(1, 2053),
(1, 2054),
(1, 2055),
(1, 2056),
(1, 2057),
(1, 2058),
(1, 2059),
(1, 2060),
(1, 2062),
(1, 2069),
(1, 2077),
(1, 2078),
(1, 2079),
(1, 2080),
(1, 2081),
(1, 2082),
(1, 2083),
(1, 2084),
(1, 2085),
(1, 2086),
(1, 2087),
(1, 2088),
(1, 2089),
(1, 2090),
(1, 2091),
(1, 2092),
(1, 2093),
(1, 2094),
(1, 2095),
(1, 2096),
(1, 2097),
(1, 2098),
(1, 2099),
(1, 2100),
(1, 2101),
(1, 2102),
(1, 2103),
(1, 2104),
(1, 2105),
(1, 2106),
(1, 2107),
(1, 2108),
(1, 2109),
(1, 2110),
(1, 2111),
(1, 2112),
(1, 2114),
(1, 2121),
(1, 2129),
(1, 2130),
(1, 2131),
(1, 2132),
(1, 2133),
(1, 2134),
(1, 2135),
(1, 2136),
(1, 2137),
(1, 2138),
(1, 2139),
(1, 2140),
(1, 2141),
(1, 2142),
(1, 2143),
(1, 2144),
(1, 2145),
(1, 2146),
(1, 2147),
(1, 2148),
(1, 2149),
(1, 2150),
(1, 2151),
(1, 2152),
(1, 2153),
(1, 2154),
(1, 2155),
(1, 2156),
(1, 2157),
(1, 2158),
(1, 2159),
(1, 2160),
(1, 2161),
(1, 2162),
(1, 2163),
(1, 2164),
(1, 2166),
(1, 2173),
(1, 2181),
(1, 2182),
(1, 2183),
(1, 2184),
(1, 2185),
(1, 2186),
(1, 2187),
(1, 2188),
(1, 2189),
(1, 2190),
(1, 2191),
(1, 2192),
(1, 2193),
(1, 2194),
(1, 2195),
(1, 2196),
(1, 2197),
(1, 2198),
(1, 2199),
(1, 2200),
(1, 2201),
(1, 2202),
(1, 2203),
(1, 2204),
(1, 2205),
(1, 2206),
(1, 2207),
(1, 2208),
(1, 2209),
(1, 2210),
(1, 2211),
(1, 2212),
(1, 2213),
(1, 2214),
(1, 2215),
(1, 2216),
(1, 2218),
(1, 2225),
(1, 2233),
(1, 2234),
(1, 2235),
(1, 2236),
(1, 2237),
(1, 2238),
(1, 2239),
(1, 2240),
(1, 2241),
(1, 2242),
(1, 2243),
(1, 2244),
(1, 2245),
(1, 2246),
(1, 2247),
(1, 2248),
(1, 2249),
(1, 2250),
(1, 2251),
(1, 2252),
(1, 2253),
(1, 2254),
(1, 2255),
(1, 2256),
(1, 2257),
(1, 2258),
(1, 2259),
(1, 2260),
(1, 2261),
(1, 2262),
(1, 2263),
(1, 2264),
(1, 2265),
(1, 2266),
(1, 2267),
(1, 2268),
(1, 2270),
(1, 2277),
(1, 2285),
(1, 2286),
(1, 2287),
(1, 2288),
(1, 2289),
(1, 2290),
(1, 2291),
(1, 2292),
(1, 2293),
(1, 2294),
(1, 2295),
(1, 2296),
(1, 2297),
(1, 2298),
(1, 2299),
(1, 2300),
(1, 2301),
(1, 2302),
(1, 2303),
(1, 2304),
(1, 2305),
(1, 2306),
(1, 2307),
(1, 2308),
(1, 2309),
(1, 2310),
(1, 2311),
(1, 2312),
(1, 2313),
(1, 2314),
(1, 2315),
(1, 2316),
(1, 2317),
(1, 2318),
(1, 2319),
(1, 2320),
(1, 2322),
(1, 2329),
(1, 2337),
(1, 2338),
(1, 2339),
(1, 2340),
(1, 2341),
(1, 2342),
(1, 2343),
(1, 2344),
(1, 2345),
(1, 2346),
(1, 2347),
(1, 2348),
(1, 2349),
(1, 2350),
(1, 2351),
(1, 2352),
(1, 2353),
(1, 2354),
(1, 2355),
(1, 2356),
(1, 2357),
(1, 2358),
(1, 2359),
(1, 2360),
(1, 2361),
(1, 2362),
(1, 2363),
(1, 2364),
(1, 2365),
(1, 2366),
(1, 2367),
(1, 2368),
(1, 2369),
(1, 2370),
(1, 2371),
(1, 2372),
(1, 2374),
(1, 2381),
(1, 2389),
(1, 2390),
(1, 2391),
(1, 2392),
(1, 2393),
(1, 2394),
(1, 2395),
(1, 2396),
(1, 2397),
(1, 2398),
(1, 2399),
(1, 2400),
(1, 2401),
(1, 2402),
(1, 2403),
(1, 2404),
(1, 2405),
(1, 2406),
(1, 2407),
(1, 2408),
(1, 2409),
(1, 2410),
(1, 2411),
(1, 2412),
(1, 2413),
(1, 2414),
(1, 2415),
(1, 2416),
(1, 2417),
(1, 2418),
(1, 2419),
(1, 2420),
(1, 2421),
(1, 2422),
(1, 2423),
(1, 2424),
(1, 2426),
(1, 2433),
(1, 2441),
(1, 2442),
(1, 2443),
(1, 2444),
(1, 2445),
(1, 2446),
(1, 2447),
(1, 2448),
(1, 2449),
(1, 2450),
(1, 2451),
(1, 2452),
(1, 2453),
(1, 2454),
(1, 2455),
(1, 2456),
(1, 2457),
(1, 2458),
(1, 2459),
(1, 2460),
(1, 2461),
(1, 2462),
(1, 2463),
(1, 2464),
(1, 2465),
(1, 2466),
(1, 2467),
(1, 2468),
(1, 2469),
(1, 2470),
(1, 2471),
(1, 2472),
(1, 2473),
(1, 2474),
(1, 2475),
(1, 2476),
(1, 2478),
(1, 2485),
(1, 2493),
(1, 2494),
(1, 2495),
(1, 2496),
(1, 2497),
(1, 2498),
(1, 2499),
(1, 2500),
(1, 2501),
(1, 2502),
(1, 2503),
(1, 2504),
(1, 2505),
(1, 2506),
(1, 2507),
(1, 2508),
(1, 2509),
(1, 2510),
(1, 2511),
(1, 2512),
(1, 2513),
(1, 2514),
(1, 2515),
(1, 2516),
(1, 2517),
(1, 2518),
(1, 2519),
(1, 2520),
(1, 2521),
(1, 2522),
(1, 2523),
(1, 2524),
(1, 2525),
(1, 2526),
(1, 2527),
(1, 2528),
(1, 2530),
(1, 2537),
(1, 2545),
(1, 2546),
(1, 2547),
(1, 2548),
(1, 2549),
(1, 2550),
(1, 2551),
(1, 2552),
(1, 2553),
(1, 2554),
(1, 2555),
(1, 2556),
(1, 2557),
(1, 2558),
(1, 2559),
(1, 2560),
(1, 2561),
(1, 2562),
(1, 2563),
(1, 2564),
(1, 2565),
(1, 2566),
(1, 2567),
(1, 2568),
(1, 2569),
(1, 2570),
(1, 2571),
(1, 2572),
(1, 2573),
(1, 2574),
(1, 2575),
(1, 2576),
(1, 2577),
(1, 2578),
(1, 2579),
(1, 2580),
(1, 2582),
(1, 2589),
(1, 2597),
(1, 2598),
(1, 2599),
(1, 2600),
(1, 2601),
(1, 2602),
(1, 2603),
(1, 2604),
(1, 2605),
(1, 2606),
(1, 2607),
(1, 2608),
(1, 2609),
(1, 2610),
(1, 2611),
(1, 2612),
(1, 2613),
(1, 2614),
(1, 2615),
(1, 2616),
(1, 2617),
(1, 2618),
(1, 2619),
(1, 2620),
(1, 2621),
(1, 2622),
(1, 2623),
(1, 2624),
(1, 2625),
(1, 2626),
(1, 2627),
(1, 2628),
(1, 2629),
(1, 2630),
(1, 2631),
(1, 2632),
(1, 2634),
(1, 2641),
(1, 2649),
(1, 2650),
(1, 2651),
(1, 2652),
(1, 2653),
(1, 2654),
(1, 2655),
(1, 2656),
(1, 2657),
(1, 2658),
(1, 2659),
(1, 2660),
(1, 2661),
(1, 2662),
(1, 2663),
(1, 2664),
(1, 2665),
(1, 2666),
(1, 2667),
(1, 2668),
(1, 2669),
(1, 2670),
(1, 2671),
(1, 2672),
(1, 2673),
(1, 2674),
(1, 2675),
(1, 2676),
(1, 2677),
(1, 2678),
(1, 2679),
(1, 2680),
(1, 2681),
(1, 2682),
(1, 2683),
(1, 2684),
(1, 2686),
(1, 2693),
(1, 2701),
(1, 2702),
(1, 2703),
(1, 2704),
(1, 2705),
(1, 2706),
(1, 2707),
(1, 2708),
(1, 2709),
(1, 2710),
(1, 2711),
(1, 2712),
(1, 2713),
(1, 2714),
(1, 2715),
(1, 2716),
(1, 2717),
(1, 2718),
(1, 2719),
(1, 2720),
(1, 2721),
(1, 2722),
(1, 2723),
(1, 2724),
(1, 2725),
(1, 2726),
(1, 2727),
(1, 2728),
(1, 2729),
(1, 2730),
(1, 2731),
(1, 2732),
(1, 2733),
(1, 2734),
(1, 2735),
(1, 2736),
(1, 2738),
(1, 2745),
(1, 2753),
(1, 2754),
(1, 2755),
(1, 2756),
(1, 2757),
(1, 2758),
(1, 2759),
(1, 2760),
(1, 2761),
(1, 2762),
(1, 2763),
(1, 2764),
(1, 2765),
(1, 2766),
(1, 2767),
(1, 2768),
(1, 2769),
(1, 2770),
(1, 2771),
(1, 2772),
(1, 2773),
(1, 2774),
(1, 2775),
(1, 2776),
(1, 2777),
(1, 2778),
(1, 2779),
(1, 2780),
(1, 2781),
(1, 2782),
(1, 2783),
(1, 2784),
(1, 2785),
(1, 2786),
(1, 2787),
(1, 2788),
(1, 2790),
(1, 2797),
(1, 2805),
(1, 2806),
(1, 2807),
(1, 2808),
(1, 2809),
(1, 2810),
(1, 2811),
(1, 2812),
(1, 2813),
(1, 2814),
(1, 2815),
(1, 2816),
(1, 2817),
(1, 2818),
(1, 2819),
(1, 2820),
(1, 2821),
(1, 2822),
(1, 2823),
(1, 2824),
(1, 2825),
(1, 2826),
(1, 2827),
(1, 2828),
(1, 2829),
(1, 2830),
(1, 2831),
(1, 2832),
(1, 2833),
(1, 2834),
(1, 2835),
(1, 2836),
(1, 2837),
(1, 2838),
(1, 2839),
(1, 2840),
(1, 2842),
(1, 2849),
(1, 2857),
(1, 2858),
(1, 2859),
(1, 2860),
(1, 2861),
(1, 2862),
(1, 2863),
(1, 2864),
(1, 2865),
(1, 2866),
(1, 2867),
(1, 2868),
(1, 2869),
(1, 2870),
(1, 2871),
(1, 2872),
(1, 2873),
(1, 2874),
(1, 2875),
(1, 2876),
(1, 2877),
(1, 2878),
(1, 2879),
(1, 2880),
(1, 2881),
(1, 2882),
(1, 2883),
(1, 2884),
(1, 2885),
(1, 2886),
(1, 2887),
(1, 2888),
(1, 2889),
(1, 2890),
(1, 2891),
(1, 2892),
(1, 2894),
(1, 2901),
(1, 2909),
(1, 2910),
(1, 2911),
(1, 2912),
(1, 2913),
(1, 2914),
(1, 2915),
(1, 2916),
(1, 2917),
(1, 2918),
(1, 2919),
(1, 2920),
(1, 2921),
(1, 2922),
(1, 2923),
(1, 2924),
(1, 2925),
(1, 2926),
(1, 2927),
(1, 2928),
(1, 2929),
(1, 2930),
(1, 2931),
(1, 2932),
(1, 2933),
(1, 2934),
(1, 2935),
(1, 2936),
(1, 2937),
(1, 2938),
(1, 2939),
(1, 2940),
(1, 2941),
(1, 2942),
(1, 2943),
(1, 2944),
(1, 2946),
(1, 2953),
(1, 2961),
(1, 2962),
(1, 2963),
(1, 2964),
(1, 2965),
(1, 2966),
(1, 2967),
(1, 2968),
(1, 2969),
(1, 2970),
(1, 2971),
(1, 2972),
(1, 2973),
(1, 2974),
(1, 2975),
(1, 2976),
(1, 2977),
(1, 2978),
(1, 2979),
(1, 2980),
(1, 2981),
(1, 2982),
(1, 2983),
(1, 2984),
(1, 2985),
(1, 2986),
(1, 2987),
(1, 2988),
(1, 2989),
(1, 2990),
(1, 2991),
(1, 2992),
(1, 2993),
(1, 2994),
(1, 2995),
(1, 2996),
(1, 2998),
(1, 3005),
(1, 3013),
(1, 3014),
(1, 3015),
(1, 3016),
(1, 3017),
(1, 3018),
(1, 3019),
(1, 3020),
(1, 3021),
(1, 3022),
(1, 3023),
(1, 3024),
(1, 3025),
(1, 3026),
(1, 3027),
(1, 3028),
(1, 3029),
(1, 3030),
(1, 3031),
(1, 3032),
(1, 3033),
(1, 3034),
(1, 3035),
(1, 3036),
(1, 3037),
(1, 3038),
(1, 3039),
(1, 3040),
(1, 3041),
(1, 3042),
(1, 3043),
(1, 3044),
(1, 3045),
(1, 3046),
(1, 3047),
(1, 3048),
(1, 3050),
(1, 3057),
(1, 3065),
(1, 3066),
(1, 3067),
(1, 3068),
(1, 3069),
(1, 3070),
(1, 3071),
(1, 3072),
(1, 3073),
(1, 3074),
(1, 3075),
(1, 3076),
(1, 3077),
(1, 3078),
(1, 3079),
(1, 3080),
(1, 3081),
(1, 3082),
(1, 3083),
(1, 3084),
(1, 3085),
(1, 3086),
(1, 3087),
(1, 3088),
(1, 3089),
(1, 3090),
(1, 3091),
(1, 3092),
(1, 3093),
(1, 3094),
(1, 3095),
(1, 3096),
(1, 3097),
(1, 3098),
(1, 3099),
(1, 3100),
(1, 3102),
(1, 3109),
(1, 3117),
(1, 3118),
(1, 3119),
(1, 3120),
(1, 3121),
(1, 3122),
(1, 3123),
(1, 3124),
(1, 3125),
(1, 3126),
(1, 3127),
(1, 3128),
(1, 3129),
(1, 3130),
(1, 3131),
(1, 3132),
(1, 3133),
(1, 3134),
(1, 3135),
(1, 3136),
(1, 3137),
(1, 3138),
(1, 3139),
(1, 3140),
(1, 3141),
(1, 3142),
(1, 3143),
(1, 3144),
(1, 3145),
(1, 3146),
(1, 3147),
(1, 3148),
(1, 3149),
(1, 3150),
(1, 3151),
(1, 3152),
(1, 3154),
(1, 3161),
(1, 3169),
(1, 3170),
(1, 3171),
(1, 3172),
(1, 3173),
(1, 3174),
(1, 3175),
(1, 3176),
(1, 3177),
(1, 3178),
(1, 3179),
(1, 3180),
(1, 3181),
(1, 3182),
(1, 3183),
(1, 3184),
(1, 3185),
(1, 3186),
(1, 3187),
(1, 3188),
(1, 3189),
(1, 3190),
(1, 3191),
(1, 3192),
(1, 3193),
(1, 3194),
(1, 3195),
(1, 3196),
(1, 3197),
(1, 3198),
(1, 3199),
(1, 3200),
(1, 3201),
(1, 3202),
(1, 3203),
(1, 3204),
(1, 3206),
(1, 3213),
(1, 3221),
(1, 3222),
(1, 3223),
(1, 3224),
(1, 3225),
(1, 3226),
(1, 3227),
(1, 3228),
(1, 3229),
(1, 3230),
(1, 3231),
(1, 3232),
(1, 3233),
(1, 3234),
(1, 3235),
(1, 3236),
(1, 3237),
(1, 3238),
(1, 3239),
(1, 3240),
(1, 3241),
(1, 3242),
(1, 3243),
(1, 3244),
(1, 3245),
(1, 3246),
(1, 3247),
(1, 3248),
(1, 3249),
(1, 3250),
(1, 3251),
(1, 3252),
(1, 3253),
(1, 3254),
(1, 3255),
(1, 3256),
(1, 3258),
(1, 3265),
(1, 3273),
(1, 3274),
(1, 3275),
(1, 3276),
(1, 3277),
(1, 3278),
(1, 3279),
(1, 3280),
(1, 3281),
(1, 3282),
(1, 3283),
(1, 3284),
(1, 3285),
(1, 3286),
(1, 3287),
(1, 3288),
(1, 3289),
(1, 3290),
(1, 3291),
(1, 3292),
(1, 3293),
(1, 3294),
(1, 3295),
(1, 3296),
(1, 3297),
(1, 3298),
(1, 3299),
(1, 3300),
(1, 3301),
(1, 3302),
(1, 3303),
(1, 3304),
(1, 3305),
(1, 3306),
(1, 3307),
(1, 3308),
(1, 3309),
(1, 3311),
(1, 3318),
(1, 3326),
(1, 3327),
(1, 3328),
(1, 3329),
(1, 3330),
(1, 3331),
(1, 3332),
(1, 3333),
(1, 3334),
(1, 3335),
(1, 3336),
(1, 3337),
(1, 3338),
(1, 3339),
(1, 3340),
(1, 3341),
(1, 3342),
(1, 3343),
(1, 3344),
(1, 3345),
(1, 3346),
(1, 3347),
(1, 3348),
(1, 3349),
(1, 3350),
(1, 3351),
(1, 3352),
(1, 3353),
(1, 3354),
(1, 3355),
(1, 3356),
(1, 3357),
(1, 3358),
(1, 3359),
(1, 3360),
(1, 3361),
(1, 3362),
(5, 2),
(5, 55),
(5, 108),
(5, 161),
(5, 214),
(5, 267),
(5, 320),
(5, 373),
(5, 426),
(5, 480),
(5, 534),
(5, 587),
(5, 641),
(5, 696),
(5, 751),
(5, 806),
(5, 861),
(5, 916),
(5, 971),
(5, 1026),
(5, 1078),
(5, 1129),
(5, 1180),
(5, 1231),
(5, 1282),
(5, 1333),
(5, 1384),
(5, 1436),
(5, 1488),
(5, 1541),
(5, 1593),
(5, 1645),
(5, 1697),
(5, 1749),
(5, 1801),
(5, 1853),
(5, 1905),
(5, 1957),
(5, 2009),
(5, 2061),
(5, 2113),
(5, 2165),
(5, 2217),
(5, 2269),
(5, 2321),
(5, 2373),
(5, 2425),
(5, 2477),
(5, 2529),
(5, 2581),
(5, 2633),
(5, 2685),
(5, 2737),
(5, 2789),
(5, 2841),
(5, 2893),
(5, 2945),
(5, 2997),
(5, 3049),
(5, 3101),
(5, 3153),
(5, 3205),
(5, 3257),
(5, 3310),
(10, 2),
(10, 15),
(10, 23),
(10, 55),
(10, 68),
(10, 76),
(10, 108),
(10, 121),
(10, 129),
(10, 161),
(10, 174),
(10, 182),
(10, 214),
(10, 227),
(10, 235),
(10, 267),
(10, 280),
(10, 288),
(10, 320),
(10, 333),
(10, 341),
(10, 373),
(10, 386),
(10, 394),
(10, 426),
(10, 439),
(10, 447),
(10, 480),
(10, 493),
(10, 501),
(10, 534),
(10, 547),
(10, 555),
(10, 587),
(10, 600),
(10, 602),
(10, 641),
(10, 654),
(10, 656),
(10, 696),
(10, 709),
(10, 711),
(10, 751),
(10, 764),
(10, 766),
(10, 806),
(10, 819),
(10, 821),
(10, 861),
(10, 874),
(10, 876),
(10, 916),
(10, 929),
(10, 931),
(10, 971),
(10, 984),
(10, 986),
(10, 1026),
(10, 1039),
(10, 1041),
(10, 1078),
(10, 1091),
(10, 1093),
(10, 1129),
(10, 1142),
(10, 1144),
(10, 1180),
(10, 1193),
(10, 1195),
(10, 1231),
(10, 1244),
(10, 1246),
(10, 1282),
(10, 1295),
(10, 1297),
(10, 1333),
(10, 1346),
(10, 1348),
(10, 1384),
(10, 1397),
(10, 1399),
(10, 1436),
(10, 1449),
(10, 1451),
(10, 1488),
(10, 1501),
(10, 1503),
(10, 1541),
(10, 1554),
(10, 1556),
(10, 1593),
(10, 1606),
(10, 1608),
(10, 1645),
(10, 1658),
(10, 1660),
(10, 1697),
(10, 1710),
(10, 1712),
(10, 1749),
(10, 1762),
(10, 1764),
(10, 1801),
(10, 1814),
(10, 1816),
(10, 1853),
(10, 1866),
(10, 1868),
(10, 1905),
(10, 1918),
(10, 1920),
(10, 1957),
(10, 1970),
(10, 1972),
(10, 2009),
(10, 2022),
(10, 2024),
(10, 2061),
(10, 2074),
(10, 2076),
(10, 2113),
(10, 2126),
(10, 2128),
(10, 2165),
(10, 2178),
(10, 2180),
(10, 2217),
(10, 2230),
(10, 2232),
(10, 2269),
(10, 2282),
(10, 2284),
(10, 2321),
(10, 2334),
(10, 2336),
(10, 2373),
(10, 2386),
(10, 2388),
(10, 2425),
(10, 2438),
(10, 2440),
(10, 2477),
(10, 2490),
(10, 2492),
(10, 2529),
(10, 2542),
(10, 2544),
(10, 2581),
(10, 2594),
(10, 2596),
(10, 2633),
(10, 2646),
(10, 2648),
(10, 2685),
(10, 2698),
(10, 2700),
(10, 2737),
(10, 2750),
(10, 2752),
(10, 2789),
(10, 2802),
(10, 2804),
(10, 2841),
(10, 2854),
(10, 2856),
(10, 2893),
(10, 2906),
(10, 2908),
(10, 2945),
(10, 2958),
(10, 2960),
(10, 2997),
(10, 3010),
(10, 3012),
(10, 3049),
(10, 3062),
(10, 3064),
(10, 3101),
(10, 3114),
(10, 3116),
(10, 3153),
(10, 3166),
(10, 3168),
(10, 3205),
(10, 3218),
(10, 3220),
(10, 3257),
(10, 3270),
(10, 3272),
(10, 3310),
(10, 3323),
(10, 3325),
(11, 2),
(11, 55),
(11, 108),
(11, 161),
(11, 214),
(11, 267),
(11, 320),
(11, 373),
(11, 426),
(11, 480),
(11, 534),
(11, 587),
(11, 641),
(11, 696),
(11, 751),
(11, 806),
(11, 861),
(11, 916),
(11, 971),
(11, 1026),
(11, 1078),
(11, 1129),
(11, 1180),
(11, 1231),
(11, 1282),
(11, 1333),
(11, 1384),
(11, 1436),
(11, 1488),
(11, 1541),
(11, 1593),
(11, 1645),
(11, 1697),
(11, 1749),
(11, 1801),
(11, 1853),
(11, 1905),
(11, 1957),
(11, 2009),
(11, 2061),
(11, 2113),
(11, 2165),
(11, 2217),
(11, 2269),
(11, 2321),
(11, 2373),
(11, 2425),
(11, 2477),
(11, 2529),
(11, 2581),
(11, 2633),
(11, 2685),
(11, 2737),
(11, 2789),
(11, 2841),
(11, 2893),
(11, 2945),
(11, 2997),
(11, 3049),
(11, 3101),
(11, 3153),
(11, 3205),
(11, 3257),
(11, 3310),
(25, 21),
(25, 74),
(25, 127),
(25, 180),
(25, 233),
(25, 286),
(25, 339),
(25, 392),
(25, 445),
(25, 499),
(25, 553),
(25, 601),
(25, 655),
(25, 710),
(25, 765),
(25, 820),
(25, 875),
(25, 930),
(25, 985),
(25, 1040),
(25, 1092),
(25, 1143),
(25, 1194),
(25, 1245),
(25, 1296),
(25, 1347),
(25, 1398),
(25, 1450),
(25, 1502),
(25, 1555),
(25, 1607),
(25, 1659),
(25, 1711),
(25, 1763),
(25, 1815),
(25, 1867),
(25, 1919),
(25, 1971),
(25, 2023),
(25, 2075),
(25, 2127),
(25, 2179),
(25, 2231),
(25, 2283),
(25, 2335),
(25, 2387),
(25, 2439),
(25, 2491),
(25, 2543),
(25, 2595),
(25, 2647),
(25, 2699),
(25, 2751),
(25, 2803),
(25, 2855),
(25, 2907),
(25, 2959),
(25, 3011),
(25, 3063),
(25, 3115),
(25, 3167),
(25, 3219),
(25, 3271),
(25, 3324),
(29, 21),
(29, 74),
(29, 127),
(29, 180),
(29, 233),
(29, 286),
(29, 339),
(29, 392),
(29, 445),
(29, 499),
(29, 553),
(29, 601),
(29, 655),
(29, 710),
(29, 765),
(29, 820),
(29, 875),
(29, 930),
(29, 985),
(29, 1040),
(29, 1092),
(29, 1143),
(29, 1194),
(29, 1245),
(29, 1296),
(29, 1347),
(29, 1398),
(29, 1450),
(29, 1502),
(29, 1555),
(29, 1607),
(29, 1659),
(29, 1711),
(29, 1763),
(29, 1815),
(29, 1867),
(29, 1919),
(29, 1971),
(29, 2023),
(29, 2075),
(29, 2127),
(29, 2179),
(29, 2231),
(29, 2283),
(29, 2335),
(29, 2387),
(29, 2439),
(29, 2491),
(29, 2543),
(29, 2595),
(29, 2647),
(29, 2699),
(29, 2751),
(29, 2803),
(29, 2855),
(29, 2907),
(29, 2959),
(29, 3011),
(29, 3063),
(29, 3115),
(29, 3167),
(29, 3219),
(29, 3271),
(29, 3324),
(57, 12),
(57, 65),
(57, 118),
(57, 171),
(57, 224),
(57, 277),
(57, 330),
(57, 383),
(57, 436),
(57, 490),
(57, 544),
(57, 597),
(57, 651),
(57, 706),
(57, 761),
(57, 816),
(57, 871),
(57, 926),
(57, 981),
(57, 1036),
(57, 1088),
(57, 1139),
(57, 1190),
(57, 1241),
(57, 1292),
(57, 1343),
(57, 1394),
(57, 1446),
(57, 1498),
(57, 1551),
(57, 1603),
(57, 1655),
(57, 1707),
(57, 1759),
(57, 1811),
(57, 1863),
(57, 1915),
(57, 1967),
(57, 2019),
(57, 2071),
(57, 2123),
(57, 2175),
(57, 2227),
(57, 2279),
(57, 2331),
(57, 2383),
(57, 2435),
(57, 2487),
(57, 2539),
(57, 2591),
(57, 2643),
(57, 2695),
(57, 2747),
(57, 2799),
(57, 2851),
(57, 2903),
(57, 2955),
(57, 3007),
(57, 3059),
(57, 3111),
(57, 3163),
(57, 3215),
(57, 3267),
(57, 3320),
(67, 11),
(67, 64),
(67, 117),
(67, 170),
(67, 223),
(67, 276),
(67, 329),
(67, 382),
(67, 435),
(67, 489),
(67, 543),
(67, 596),
(67, 650),
(67, 705),
(67, 760),
(67, 815),
(67, 870),
(67, 925),
(67, 980),
(67, 1035),
(67, 1087),
(67, 1138),
(67, 1189),
(67, 1240),
(67, 1291),
(67, 1342),
(67, 1393),
(67, 1445),
(67, 1497),
(67, 1550),
(67, 1602),
(67, 1654),
(67, 1706),
(67, 1758),
(67, 1810),
(67, 1862),
(67, 1914),
(67, 1966),
(67, 2018),
(67, 2070),
(67, 2122),
(67, 2174),
(67, 2226),
(67, 2278),
(67, 2330),
(67, 2382),
(67, 2434),
(67, 2486),
(67, 2538),
(67, 2590),
(67, 2642),
(67, 2694),
(67, 2746),
(67, 2798),
(67, 2850),
(67, 2902),
(67, 2954),
(67, 3006),
(67, 3058),
(67, 3110),
(67, 3162),
(67, 3214),
(67, 3266),
(67, 3319),
(72, 9),
(72, 62),
(72, 115),
(72, 168),
(72, 221),
(72, 274),
(72, 327),
(72, 380),
(72, 433),
(72, 487),
(72, 541),
(72, 594),
(72, 648),
(72, 703),
(72, 758),
(72, 813),
(72, 868),
(72, 923),
(72, 978),
(72, 1033),
(72, 1085),
(72, 1136),
(72, 1187),
(72, 1238),
(72, 1289),
(72, 1340),
(72, 1391),
(72, 1443),
(72, 1495),
(72, 1548),
(72, 1600),
(72, 1652),
(72, 1704),
(72, 1756),
(72, 1808),
(72, 1860),
(72, 1912),
(72, 1964),
(72, 2016),
(72, 2068),
(72, 2120),
(72, 2172),
(72, 2224),
(72, 2276),
(72, 2328),
(72, 2380),
(72, 2432),
(72, 2484),
(72, 2536),
(72, 2588),
(72, 2640),
(72, 2692),
(72, 2744),
(72, 2796),
(72, 2848),
(72, 2900),
(72, 2952),
(72, 3004),
(72, 3056),
(72, 3108),
(72, 3160),
(72, 3212),
(72, 3264),
(72, 3317),
(79, 13),
(79, 66),
(79, 119),
(79, 172),
(79, 225),
(79, 278),
(79, 331),
(79, 384),
(79, 437),
(79, 491),
(79, 545),
(79, 598),
(79, 652),
(79, 707),
(79, 762),
(79, 817),
(79, 872),
(79, 927),
(79, 982),
(79, 1037),
(79, 1089),
(79, 1140),
(79, 1191),
(79, 1242),
(79, 1293),
(79, 1344),
(79, 1395),
(79, 1447),
(79, 1499),
(79, 1552),
(79, 1604),
(79, 1656),
(79, 1708),
(79, 1760),
(79, 1812),
(79, 1864),
(79, 1916),
(79, 1968),
(79, 2020),
(79, 2072),
(79, 2124),
(79, 2176),
(79, 2228),
(79, 2280),
(79, 2332),
(79, 2384),
(79, 2436),
(79, 2488),
(79, 2540),
(79, 2592),
(79, 2644),
(79, 2696),
(79, 2748),
(79, 2800),
(79, 2852),
(79, 2904),
(79, 2956),
(79, 3008),
(79, 3060),
(79, 3112),
(79, 3164),
(79, 3216),
(79, 3268),
(79, 3321),
(88, 2),
(88, 55),
(88, 108),
(88, 161),
(88, 214),
(88, 267),
(88, 320),
(88, 373),
(88, 426),
(88, 480),
(88, 534),
(88, 587),
(88, 641),
(88, 696),
(88, 751),
(88, 806),
(88, 861),
(88, 916),
(88, 971),
(88, 1026),
(88, 1078),
(88, 1129),
(88, 1180),
(88, 1231),
(88, 1282),
(88, 1333),
(88, 1384),
(88, 1436),
(88, 1488),
(88, 1541),
(88, 1593),
(88, 1645),
(88, 1697),
(88, 1749),
(88, 1801),
(88, 1853),
(88, 1905),
(88, 1957),
(88, 2009),
(88, 2061),
(88, 2113),
(88, 2165),
(88, 2217),
(88, 2269),
(88, 2321),
(88, 2373),
(88, 2425),
(88, 2477),
(88, 2529),
(88, 2581),
(88, 2633),
(88, 2685),
(88, 2737),
(88, 2789),
(88, 2841),
(88, 2893),
(88, 2945),
(88, 2997),
(88, 3049),
(88, 3101),
(88, 3153),
(88, 3205),
(88, 3257),
(88, 3310),
(97, 4),
(97, 57),
(97, 110),
(97, 163),
(97, 216),
(97, 269),
(97, 322),
(97, 375),
(97, 428),
(97, 482),
(97, 536),
(97, 589),
(97, 643),
(97, 698),
(97, 753),
(97, 808),
(97, 863),
(97, 918),
(97, 973),
(97, 1028),
(97, 1080),
(97, 1131),
(97, 1182),
(97, 1233),
(97, 1284),
(97, 1335),
(97, 1386),
(97, 1438),
(97, 1490),
(97, 1543),
(97, 1595),
(97, 1647),
(97, 1699),
(97, 1751),
(97, 1803),
(97, 1855),
(97, 1907),
(97, 1959),
(97, 2011),
(97, 2063),
(97, 2115),
(97, 2167),
(97, 2219),
(97, 2271),
(97, 2323),
(97, 2375),
(97, 2427),
(97, 2479),
(97, 2531),
(97, 2583),
(97, 2635),
(97, 2687),
(97, 2739),
(97, 2791),
(97, 2843),
(97, 2895),
(97, 2947),
(97, 2999),
(97, 3051),
(97, 3103),
(97, 3155),
(97, 3207),
(97, 3259),
(97, 3312),
(107, 6),
(107, 59),
(107, 112),
(107, 165),
(107, 218),
(107, 271),
(107, 324),
(107, 377),
(107, 430),
(107, 484),
(107, 538),
(107, 591),
(107, 645),
(107, 700),
(107, 755),
(107, 810),
(107, 865),
(107, 920),
(107, 975),
(107, 1030),
(107, 1082),
(107, 1133),
(107, 1184),
(107, 1235),
(107, 1286),
(107, 1337),
(107, 1388),
(107, 1440),
(107, 1492),
(107, 1545),
(107, 1597),
(107, 1649),
(107, 1701),
(107, 1753),
(107, 1805),
(107, 1857),
(107, 1909),
(107, 1961),
(107, 2013),
(107, 2065),
(107, 2117),
(107, 2169),
(107, 2221),
(107, 2273),
(107, 2325),
(107, 2377),
(107, 2429),
(107, 2481),
(107, 2533),
(107, 2585),
(107, 2637),
(107, 2689),
(107, 2741),
(107, 2793),
(107, 2845),
(107, 2897),
(107, 2949),
(107, 3001),
(107, 3053),
(107, 3105),
(107, 3157),
(107, 3209),
(107, 3261),
(107, 3314),
(108, 5),
(108, 58),
(108, 111),
(108, 164),
(108, 217),
(108, 270),
(108, 323),
(108, 376),
(108, 429),
(108, 483),
(108, 537),
(108, 590),
(108, 644),
(108, 699),
(108, 754),
(108, 809),
(108, 864),
(108, 919),
(108, 974),
(108, 1029),
(108, 1081),
(108, 1132),
(108, 1183),
(108, 1234),
(108, 1285),
(108, 1336),
(108, 1387),
(108, 1439),
(108, 1491),
(108, 1544),
(108, 1596),
(108, 1648),
(108, 1700),
(108, 1752),
(108, 1804),
(108, 1856),
(108, 1908),
(108, 1960),
(108, 2012),
(108, 2064),
(108, 2116),
(108, 2168),
(108, 2220),
(108, 2272),
(108, 2324),
(108, 2376),
(108, 2428),
(108, 2480),
(108, 2532),
(108, 2584),
(108, 2636),
(108, 2688),
(108, 2740),
(108, 2792),
(108, 2844),
(108, 2896),
(108, 2948),
(108, 3000),
(108, 3052),
(108, 3104),
(108, 3156),
(108, 3208),
(108, 3260),
(108, 3313),
(109, 7),
(109, 60),
(109, 113),
(109, 166),
(109, 219),
(109, 272),
(109, 325),
(109, 378),
(109, 431),
(109, 485),
(109, 539),
(109, 592),
(109, 646),
(109, 701),
(109, 756),
(109, 811),
(109, 866),
(109, 921),
(109, 976),
(109, 1031),
(109, 1083),
(109, 1134),
(109, 1185),
(109, 1236),
(109, 1287),
(109, 1338),
(109, 1389),
(109, 1441),
(109, 1493),
(109, 1546),
(109, 1598),
(109, 1650),
(109, 1702),
(109, 1754),
(109, 1806),
(109, 1858),
(109, 1910),
(109, 1962),
(109, 2014),
(109, 2066),
(109, 2118),
(109, 2170),
(109, 2222),
(109, 2274),
(109, 2326),
(109, 2378),
(109, 2430),
(109, 2482),
(109, 2534),
(109, 2586),
(109, 2638),
(109, 2690),
(109, 2742),
(109, 2794),
(109, 2846),
(109, 2898),
(109, 2950),
(109, 3002),
(109, 3054),
(109, 3106),
(109, 3158),
(109, 3210),
(109, 3262),
(109, 3315),
(110, 8),
(110, 61),
(110, 114),
(110, 167),
(110, 220),
(110, 273),
(110, 326),
(110, 379),
(110, 432),
(110, 486),
(110, 540),
(110, 593),
(110, 647),
(110, 702),
(110, 757),
(110, 812),
(110, 867),
(110, 922),
(110, 977),
(110, 1032),
(110, 1084),
(110, 1135),
(110, 1186),
(110, 1237),
(110, 1288),
(110, 1339),
(110, 1390),
(110, 1442),
(110, 1494),
(110, 1547),
(110, 1599),
(110, 1651),
(110, 1703),
(110, 1755),
(110, 1807),
(110, 1859),
(110, 1911),
(110, 1963),
(110, 2015),
(110, 2067),
(110, 2119),
(110, 2171),
(110, 2223),
(110, 2275),
(110, 2327),
(110, 2379),
(110, 2431),
(110, 2483),
(110, 2535),
(110, 2587),
(110, 2639),
(110, 2691),
(110, 2743),
(110, 2795),
(110, 2847),
(110, 2899),
(110, 2951),
(110, 3003),
(110, 3055),
(110, 3107),
(110, 3159),
(110, 3211),
(110, 3263),
(110, 3316),
(121, 1192),
(121, 1243),
(121, 1294),
(121, 1345),
(121, 1396),
(121, 1448),
(121, 1500),
(121, 1553),
(121, 1605),
(121, 1657),
(121, 1709),
(121, 1761),
(121, 1813),
(121, 1865),
(121, 1917),
(121, 1969),
(121, 2021),
(121, 2073),
(121, 2125),
(121, 2177),
(121, 2229),
(121, 2281),
(121, 2333),
(121, 2385),
(121, 2437),
(121, 2489),
(121, 2541),
(121, 2593),
(121, 2645),
(121, 2697),
(121, 2749),
(121, 2801),
(121, 2853),
(121, 2905),
(121, 2957),
(121, 3009),
(121, 3061),
(121, 3113),
(121, 3165),
(121, 3217),
(121, 3269),
(121, 3322);

-- --------------------------------------------------------

--
-- Estructura de tabla para la tabla `ps_tab_lang`
--

CREATE TABLE IF NOT EXISTS `ps_tab_lang` (
  `id_tab` int(11) NOT NULL,
  `id_lang` int(11) NOT NULL,
  `name` varchar(128) COLLATE utf8_unicode_ci NOT NULL,
  PRIMARY KEY (`id_tab`,`id_lang`),
  KEY `IDX_37D6CF4CED47AB56` (`id_tab`)
) ENGINE=InnoDB DEFAULT CHARSET=utf8 COLLATE=utf8_unicode_ci;

--
-- Volcado de datos para la tabla `ps_tab_lang`
--

INSERT INTO `ps_tab_lang` (`id_tab`, `id_lang`, `name`) VALUES
(1, 1, 'Inicio'),
(1, 2, 'Tauler de control'),
(1, 3, 'Panel'),
(1, 4, 'Dashboard'),
(2, 1, 'Vender'),
(2, 2, 'Sell'),
(2, 3, 'Sell'),
(2, 4, 'Sell'),
(3, 1, 'Pedidos'),
(3, 2, 'Comandes'),
(3, 3, 'Encomendas'),
(3, 4, 'Orders'),
(4, 1, 'Pedidos'),
(4, 2, 'Comandes'),
(4, 3, 'Encomendas'),
(4, 4, 'Orders'),
(5, 1, 'Facturas'),
(5, 2, 'Factures'),
(5, 3, 'Facturas'),
(5, 4, 'Invoices'),
(6, 1, 'Facturas por abono'),
(6, 2, 'Cupó de devolució'),
(6, 3, 'Albarás'),
(6, 4, 'Credit Slips'),
(7, 1, 'Albaranes de entrega'),
(7, 2, 'Albarans'),
(7, 3, 'Albarás de Entrega'),
(7, 4, 'Delivery Slips'),
(8, 1, 'Carritos de compra'),
(8, 2, 'Carrets de la compra'),
(8, 3, 'Carros da Compra'),
(8, 4, 'Shopping Carts'),
(9, 1, 'Catálogo'),
(9, 2, 'Catàleg'),
(9, 3, 'Catálogo'),
(9, 4, 'Catalog'),
(10, 1, 'Productos'),
(10, 2, 'Articles'),
(10, 3, 'Produtos'),
(10, 4, 'Produktuak'),
(11, 1, 'Categorías'),
(11, 2, 'Categories'),
(11, 3, 'Categorías'),
(11, 4, 'Kategoriak'),
(12, 1, 'Monitoreo'),
(12, 2, 'Monitoratge'),
(12, 3, 'Seguimento'),
(12, 4, 'Monitoring'),
(13, 1, 'Atributos y Características'),
(13, 2, 'Attributes & Features'),
(13, 3, 'Attributes & Features'),
(13, 4, 'Attributes & Features'),
(14, 1, 'Atributos'),
(14, 2, 'Atributs'),
(14, 3, 'Atributos'),
(14, 4, 'Attributes'),
(15, 1, 'Características'),
(15, 2, 'Característiques'),
(15, 3, 'Características'),
(15, 4, 'Features'),
(16, 1, 'Marcas y Proveedores'),
(16, 2, 'Brands & Suppliers'),
(16, 3, 'Brands & Suppliers'),
(16, 4, 'Brands & Suppliers'),
(17, 1, 'Marcas'),
(17, 2, 'Marques'),
(17, 3, 'Marcas'),
(17, 4, 'Markak'),
(18, 1, 'Proveedores'),
(18, 2, 'Proveïdors'),
(18, 3, 'Distribuidoras'),
(18, 4, 'Suppliers'),
(19, 1, 'Archivos'),
(19, 2, 'Fitxers'),
(19, 3, 'Ficheiros'),
(19, 4, 'Fitxategiak'),
(20, 1, 'Descuentos'),
(20, 2, 'Descomptes'),
(20, 3, 'Descontos'),
(20, 4, 'Deskontuak'),
(21, 1, 'Reglas del carrito'),
(21, 2, 'Regles del carret'),
(21, 3, 'Règles panier'),
(21, 4, 'Cart Rules'),
(22, 1, 'Reglas de Precios del Catálogo'),
(22, 2, 'Regles de preus per al catàleg'),
(22, 3, 'Regras de prezo do catálogo'),
(22, 4, 'Katalogoaren arauak'),
(23, 1, 'Stocks'),
(23, 2, 'Stocks'),
(23, 3, 'Stocks'),
(23, 4, 'Stocks'),
(24, 1, 'Clientes'),
(24, 2, 'Clients'),
(24, 3, 'Clientes'),
(24, 4, 'Customers'),
(25, 1, 'Clientes'),
(25, 2, 'Clients'),
(25, 3, 'Clientes'),
(25, 4, 'Customers'),
(26, 1, 'Direcciones'),
(26, 2, 'Adreces'),
(26, 3, 'Enderezos'),
(26, 4, 'Helbideak'),
(27, 1, 'Saldo pendiente por cobrar'),
(27, 2, 'Destacats'),
(27, 3, 'Contas por pagar'),
(27, 4, 'Outstanding'),
(28, 1, 'Servicio al Cliente'),
(28, 2, 'Servei d''atenció al client'),
(28, 3, 'Atención ó Cliente'),
(28, 4, 'Servicio clientela'),
(29, 1, 'Servicio al Cliente'),
(29, 2, 'Servei d''atenció al client'),
(29, 3, 'Atención ó Cliente'),
(29, 4, 'Servicio clientela'),
(30, 1, 'Mensajes de Pedidos'),
(30, 2, 'MIssatges de comanda'),
(30, 3, 'Mensaxes da Encomenda'),
(30, 4, 'Order Messages'),
(31, 1, 'Devoluciones de mercancía'),
(31, 2, 'Devolucions de mercaderia'),
(31, 3, 'Devolucións de mercancías'),
(31, 4, 'Devoluciones de mercancía'),
(32, 1, 'Estadísticas'),
(32, 2, 'Estadístiques'),
(32, 3, 'Statistiques'),
(32, 4, 'Stats'),
(34, 1, 'Almacenes'),
(34, 2, 'Magatzems'),
(34, 3, 'Entrepôts'),
(34, 4, 'Warehouses'),
(35, 1, 'Gestión de stock'),
(35, 2, 'Gestió d''estocs'),
(35, 3, 'Xestión do Stock'),
(35, 4, 'Stockaren kudeaketa'),
(36, 1, 'Gestión de stock'),
(36, 2, 'Gestió d''estocs'),
(36, 3, 'Xestión do Stock'),
(36, 4, 'Stockaren kudeaketa'),
(37, 1, 'Movimiento de Stock'),
(37, 2, 'Moviment d''estoc'),
(37, 3, 'Movemento de Stock'),
(37, 4, 'Stock Movement'),
(38, 1, 'Estado actual del stock'),
(38, 2, 'Estat d''estoc instantani'),
(38, 3, 'Estado Inmediato do Stock'),
(38, 4, 'Stockaren egungo egoera'),
(39, 1, 'Cobertura de stock'),
(39, 2, 'Cobertura d''estoc'),
(39, 3, 'Cobertura de Stock'),
(39, 4, 'Stock Estaldura'),
(40, 1, 'Pedidos de suministros'),
(40, 2, 'Comandes de subministraments'),
(40, 3, 'Encomendas de subministración'),
(40, 4, 'Supply orders'),
(41, 1, 'Configuración'),
(41, 2, 'Configuració'),
(41, 3, 'Configuración'),
(41, 4, 'Konfigurazioa'),
(42, 1, 'Personalizar'),
(42, 2, 'Improve'),
(42, 3, 'Improve'),
(42, 4, 'Improve'),
(43, 1, 'Módulos'),
(43, 2, 'Mòduls'),
(43, 3, 'módulos'),
(43, 4, 'Modules'),
(44, 1, 'Módulos y Servicios'),
(44, 2, 'Modules & Services'),
(44, 3, 'Modules & Services'),
(44, 4, 'Modules & Services'),
(46, 1, 'Catálogo de Módulos'),
(46, 2, 'Modules Catalog'),
(46, 3, 'Modules Catalog'),
(46, 4, 'Modules Catalog'),
(47, 1, 'Diseño'),
(47, 2, 'Design'),
(47, 3, 'Design'),
(47, 4, 'Design'),
(48, 1, 'Tema y logotipo'),
(48, 2, 'Theme & Logo'),
(48, 3, 'Theme & Logo'),
(48, 4, 'Theme & Logo'),
(49, 1, 'Catálogo de Temas'),
(49, 2, 'Theme Catalog'),
(49, 3, 'Theme Catalog'),
(49, 4, 'Theme Catalog'),
(50, 1, 'Páginas'),
(50, 2, 'Pàgines'),
(50, 3, 'Páxinas'),
(50, 4, 'Pages'),
(51, 1, 'Posiciones'),
(51, 2, 'Posicions'),
(51, 3, 'Posicións'),
(51, 4, 'Positions'),
(52, 1, 'Ajustes de imágenes'),
(52, 2, 'Image Settings'),
(52, 3, 'Image Settings'),
(52, 4, 'Image Settings'),
(53, 1, 'Transporte'),
(53, 2, 'Lliurament'),
(53, 3, 'Envío'),
(53, 4, 'Bidalketa'),
(54, 1, 'Transportistas'),
(54, 2, 'Transportistes'),
(54, 3, 'Empresas de Transporte'),
(54, 4, 'Carriers'),
(55, 1, 'Preferencias'),
(55, 2, 'Preferències'),
(55, 3, 'Preferencias'),
(55, 4, 'Preferences'),
(56, 1, 'Pago'),
(56, 2, 'Pagament:'),
(56, 3, 'Pago'),
(56, 4, 'Ordainketa'),
(57, 1, 'Métodos de pago'),
(57, 2, 'Payment Methods'),
(57, 3, 'Payment Methods'),
(57, 4, 'Payment Methods'),
(58, 1, 'Preferencias'),
(58, 2, 'Preferències'),
(58, 3, 'Preferencias'),
(58, 4, 'Preferences'),
(59, 1, 'Internacional'),
(59, 2, 'Internacional'),
(59, 3, 'Internacional'),
(59, 4, 'International'),
(60, 1, 'Localización'),
(60, 2, 'Localització'),
(60, 3, 'Localización'),
(60, 4, 'Localization'),
(61, 1, 'Localización'),
(61, 2, 'Localització'),
(61, 3, 'Localización'),
(61, 4, 'Localization'),
(62, 1, 'Idiomas'),
(62, 2, 'Llengües'),
(62, 3, 'Idiomas'),
(62, 4, 'Languages'),
(63, 1, 'Monedas'),
(63, 2, 'Monedes'),
(63, 3, 'Moedas'),
(63, 4, 'Currencies'),
(64, 1, 'Geolocalización'),
(64, 2, 'Geolocalització'),
(64, 3, 'Xeolocalización'),
(64, 4, 'Geolocation'),
(65, 1, 'Ubicaciones Geográficas'),
(65, 2, 'Locations'),
(65, 3, 'Locations'),
(65, 4, 'Locations'),
(66, 1, 'Países'),
(66, 2, 'Països'),
(66, 3, 'Países'),
(66, 4, 'Countries'),
(67, 1, 'Zonas'),
(67, 2, 'Zones'),
(67, 3, 'Zoas'),
(67, 4, 'Zones'),
(68, 1, 'Provincias'),
(68, 2, 'Provincies'),
(68, 3, 'Estado'),
(68, 4, 'States'),
(69, 1, 'Impuestos'),
(69, 2, 'Impostos'),
(69, 3, 'Taxas'),
(69, 4, 'Taxes'),
(70, 1, 'Impuestos'),
(70, 2, 'Impostos'),
(70, 3, 'Taxas'),
(70, 4, 'Taxes'),
(71, 1, 'Reglas de impuestos'),
(71, 2, 'Regles d''impostos'),
(71, 3, 'Regras de imposto'),
(71, 4, 'Tax Rules'),
(72, 1, 'Traducciones'),
(72, 2, 'Traduccions'),
(72, 3, 'Traducións'),
(72, 4, 'Itzulpenak'),
(73, 1, 'Configurar'),
(73, 2, 'Configurar'),
(73, 3, 'Configurar'),
(73, 4, 'Configure'),
(74, 1, 'Parámetros de la tienda'),
(74, 2, 'Shop Parameters'),
(74, 3, 'Shop Parameters'),
(74, 4, 'Shop Parameters'),
(75, 1, 'Configuración'),
(75, 2, 'General'),
(75, 3, 'Xeral'),
(75, 4, 'Orokorra'),
(76, 1, 'Configuración'),
(76, 2, 'General'),
(76, 3, 'Xeral'),
(76, 4, 'Orokorra'),
(77, 1, 'Mantenimiento'),
(77, 2, 'Manteniment'),
(77, 3, 'Mantemento'),
(77, 4, 'Maintenance'),
(78, 1, 'Configuración de Pedidos'),
(78, 2, 'Order Settings'),
(78, 3, 'Order Settings'),
(78, 4, 'Order Settings'),
(79, 1, 'Configuración de Pedidos'),
(79, 2, 'Order Settings'),
(79, 3, 'Order Settings'),
(79, 4, 'Order Settings'),
(80, 1, 'Estados'),
(80, 2, 'Estats'),
(80, 3, 'États'),
(80, 4, 'Statuses'),
(81, 1, 'Configuración de Productos'),
(81, 2, 'Product Settings'),
(81, 3, 'Product Settings'),
(81, 4, 'Product Settings'),
(82, 1, 'Ajustes sobre clientes'),
(82, 2, 'Customer Settings'),
(82, 3, 'Customer Settings'),
(82, 4, 'Customer Settings'),
(83, 1, 'Clientes'),
(83, 2, 'Clients'),
(83, 3, 'Clientes'),
(83, 4, 'Customers'),
(84, 1, 'Grupos'),
(84, 2, 'Grups'),
(84, 3, 'Grupos'),
(84, 4, 'Groups'),
(85, 1, 'Tratamientos'),
(85, 2, 'Denominacions socials'),
(85, 3, 'Título'),
(85, 4, 'Titles'),
(86, 1, 'Contacto'),
(86, 2, 'Contacte'),
(86, 3, 'Contactar'),
(86, 4, 'Contact'),
(87, 1, 'Contactos'),
(87, 2, 'Contactes'),
(87, 3, 'Contacto'),
(87, 4, 'Contacts'),
(88, 1, 'Tiendas'),
(88, 2, 'Botigues'),
(88, 3, 'Tendas'),
(88, 4, 'Stores'),
(89, 1, 'Tráfico & SEO'),
(89, 2, 'Traffic & SEO'),
(89, 3, 'Traffic & SEO'),
(89, 4, 'Traffic & SEO'),
(90, 1, 'SEO y URLs'),
(90, 2, 'SEO i URLs'),
(90, 3, 'SEO e URLs'),
(90, 4, 'SEO & URLs'),
(91, 1, 'Motores de búsqueda'),
(91, 2, 'Cercadors de web'),
(91, 3, 'Motores de Busca'),
(91, 4, 'Search Engines'),
(92, 1, 'Afiliados'),
(92, 2, 'Referits'),
(92, 3, 'referencias'),
(92, 4, 'Referrers'),
(93, 1, 'Buscar'),
(93, 2, 'Cercar'),
(93, 3, 'Pesquisar'),
(93, 4, 'Search'),
(94, 1, 'Buscar'),
(94, 2, 'Cercar'),
(94, 3, 'Pesquisar'),
(94, 4, 'Search'),
(95, 1, 'Etiquetas'),
(95, 2, 'Etiquetes'),
(95, 3, 'Etiquetas'),
(95, 4, 'Tags'),
(96, 1, 'Parámetros Avanzados'),
(96, 2, 'Paràmetres avançats'),
(96, 3, 'Paramètres avancés'),
(96, 4, 'Parámetros Avanzados'),
(97, 1, 'Información'),
(97, 2, 'Informació'),
(97, 3, 'Información'),
(97, 4, 'Informazioa'),
(98, 1, 'Rendimiento'),
(98, 2, 'Rendiment'),
(98, 3, 'Performances'),
(98, 4, 'Performance'),
(99, 1, 'Administración'),
(99, 2, 'Administració'),
(99, 3, 'Administración'),
(99, 4, 'Administration'),
(100, 1, 'Dirección de correo electrónico'),
(100, 2, 'Adreça electrònica'),
(100, 3, 'Email'),
(100, 4, 'E-mail'),
(101, 1, 'Importar'),
(101, 2, 'Importar'),
(101, 3, 'Importar'),
(101, 4, 'Inportatu'),
(102, 1, 'Equipo'),
(102, 2, 'Team'),
(102, 3, 'Team'),
(102, 4, 'Team'),
(103, 1, 'Empleados'),
(103, 2, 'Empleats'),
(103, 3, 'Empregados'),
(103, 4, 'Employees'),
(104, 1, 'Perfiles'),
(104, 2, 'Perfils'),
(104, 3, 'Perfís'),
(104, 4, 'Profiles'),
(105, 1, 'Permisos'),
(105, 2, 'Permisos'),
(105, 3, 'Permisos'),
(105, 4, 'Permissions'),
(106, 1, 'Base de datos'),
(106, 2, 'Database'),
(106, 3, 'Database'),
(106, 4, 'Database'),
(107, 1, 'Gestor SQL'),
(107, 2, 'Gestor SQL'),
(107, 3, 'Xestor SQL'),
(107, 4, 'SQL Manager'),
(108, 1, 'Respaldar BD'),
(108, 2, 'Còpia de seguretat de la BBDD'),
(108, 3, 'Copia de Seguridade da BD'),
(108, 4, 'DB Backup'),
(109, 1, 'Registros/Logs'),
(109, 2, 'Registres'),
(109, 3, 'Rexistros'),
(109, 4, 'Logs'),
(110, 1, 'Webservice'),
(110, 2, 'Servei Web'),
(110, 3, 'Servizo Web'),
(110, 4, 'Webservice'),
(111, 1, 'Multitienda'),
(111, 2, 'Multibotiga'),
(111, 3, 'Multiboutique'),
(111, 4, 'Multistore'),
(112, 1, 'Multitienda'),
(112, 2, 'Multibotiga'),
(112, 3, 'Multiboutique'),
(112, 4, 'Multistore'),
(113, 1, 'Acceso rápido'),
(113, 2, 'Accés ràpid'),
(113, 3, 'Acceso Rápido'),
(113, 4, 'Quick Access'),
(114, 1, 'Más'),
(114, 2, 'Més'),
(114, 3, 'Máis'),
(114, 4, 'More'),
(116, 1, 'Dashgoals'),
(116, 2, 'Dashgoals'),
(116, 3, 'Dashgoals'),
(116, 4, 'Dashgoals'),
(117, 1, 'Link Widget'),
(117, 2, 'Link Widget'),
(117, 3, 'Link Widget'),
(117, 4, 'Link Widget'),
(118, 1, 'Welcome'),
(118, 2, 'Welcome'),
(118, 3, 'Welcome'),
(118, 4, 'Welcome'),
(119, 1, 'Merchant Expertise'),
(119, 2, 'Merchant Expertise'),
(119, 3, 'Merchant Expertise'),
(119, 4, 'Merchant Expertise'),
(120, 1, 'Cron Jobs'),
(120, 2, 'Cron Jobs'),
(120, 3, 'Cron Jobs'),
(120, 4, 'Cron Jobs'),
(121, 1, '1-Click Upgrade'),
(121, 2, '1-Click Upgrade'),
(121, 3, '1-Click Upgrade'),
(121, 4, '1-Click Upgrade');

-- --------------------------------------------------------

--
-- Estructura de tabla para la tabla `ps_tab_module_preference`
--

CREATE TABLE IF NOT EXISTS `ps_tab_module_preference` (
  `id_tab_module_preference` int(11) NOT NULL AUTO_INCREMENT,
  `id_employee` int(11) NOT NULL,
  `id_tab` int(11) NOT NULL,
  `module` varchar(255) NOT NULL,
  PRIMARY KEY (`id_tab_module_preference`),
  UNIQUE KEY `employee_module` (`id_employee`,`id_tab`,`module`)
) ENGINE=InnoDB DEFAULT CHARSET=utf8 AUTO_INCREMENT=1 ;

-- --------------------------------------------------------

--
-- Estructura de tabla para la tabla `ps_tag`
--

CREATE TABLE IF NOT EXISTS `ps_tag` (
  `id_tag` int(10) unsigned NOT NULL AUTO_INCREMENT,
  `id_lang` int(10) unsigned NOT NULL,
  `name` varchar(32) NOT NULL,
  PRIMARY KEY (`id_tag`),
  KEY `tag_name` (`name`),
  KEY `id_lang` (`id_lang`)
) ENGINE=InnoDB DEFAULT CHARSET=utf8 AUTO_INCREMENT=1 ;

-- --------------------------------------------------------

--
-- Estructura de tabla para la tabla `ps_tag_count`
--

CREATE TABLE IF NOT EXISTS `ps_tag_count` (
  `id_group` int(10) unsigned NOT NULL DEFAULT '0',
  `id_tag` int(10) unsigned NOT NULL DEFAULT '0',
  `id_lang` int(10) unsigned NOT NULL DEFAULT '0',
  `id_shop` int(11) unsigned NOT NULL DEFAULT '0',
  `counter` int(10) unsigned NOT NULL DEFAULT '0',
  PRIMARY KEY (`id_group`,`id_tag`),
  KEY `id_group` (`id_group`,`id_lang`,`id_shop`,`counter`)
) ENGINE=InnoDB DEFAULT CHARSET=utf8;

-- --------------------------------------------------------

--
-- Estructura de tabla para la tabla `ps_tax`
--

CREATE TABLE IF NOT EXISTS `ps_tax` (
  `id_tax` int(10) unsigned NOT NULL AUTO_INCREMENT,
  `rate` decimal(10,3) NOT NULL,
  `active` tinyint(1) unsigned NOT NULL DEFAULT '1',
  `deleted` tinyint(1) unsigned NOT NULL DEFAULT '0',
  PRIMARY KEY (`id_tax`)
) ENGINE=InnoDB  DEFAULT CHARSET=utf8 AUTO_INCREMENT=31 ;

--
-- Volcado de datos para la tabla `ps_tax`
--

INSERT INTO `ps_tax` (`id_tax`, `rate`, `active`, `deleted`) VALUES
(1, '21.000', 1, 0),
(2, '10.000', 1, 0),
(3, '4.000', 1, 0),
(4, '20.000', 1, 0),
(5, '21.000', 1, 0),
(6, '20.000', 1, 0),
(7, '19.000', 1, 0),
(8, '21.000', 1, 0),
(9, '19.000', 1, 0),
(10, '25.000', 1, 0),
(11, '20.000', 1, 0),
(12, '24.000', 1, 0),
(13, '20.000', 1, 0),
(14, '20.000', 1, 0),
(15, '23.000', 1, 0),
(16, '25.000', 1, 0),
(17, '27.000', 1, 0),
(18, '23.000', 1, 0),
(19, '22.000', 1, 0),
(20, '21.000', 1, 0),
(21, '17.000', 1, 0),
(22, '21.000', 1, 0),
(23, '18.000', 1, 0),
(24, '21.000', 1, 0),
(25, '23.000', 1, 0),
(26, '23.000', 1, 0),
(27, '20.000', 1, 0),
(28, '25.000', 1, 0),
(29, '22.000', 1, 0),
(30, '20.000', 1, 0);

-- --------------------------------------------------------

--
-- Estructura de tabla para la tabla `ps_tax_lang`
--

CREATE TABLE IF NOT EXISTS `ps_tax_lang` (
  `id_tax` int(10) unsigned NOT NULL,
  `id_lang` int(10) unsigned NOT NULL,
  `name` varchar(32) NOT NULL,
  PRIMARY KEY (`id_tax`,`id_lang`)
) ENGINE=InnoDB DEFAULT CHARSET=utf8;

--
-- Volcado de datos para la tabla `ps_tax_lang`
--

INSERT INTO `ps_tax_lang` (`id_tax`, `id_lang`, `name`) VALUES
(1, 1, 'IVA ES 21%'),
(1, 2, 'IVA ES 21%'),
(1, 3, 'IVA ES 21%'),
(1, 4, 'IVA ES 21%'),
(2, 1, 'IVA ES 10%'),
(2, 2, 'IVA ES 10%'),
(2, 3, 'IVA ES 10%'),
(2, 4, 'IVA ES 10%'),
(3, 1, 'IVA ES 4%'),
(3, 2, 'IVA ES 4%'),
(3, 3, 'IVA ES 4%'),
(3, 4, 'IVA ES 4%'),
(4, 1, 'USt. AT 20%'),
(4, 2, 'USt. AT 20%'),
(4, 3, 'USt. AT 20%'),
(4, 4, 'USt. AT 20%'),
(5, 1, 'TVA BE 21%'),
(5, 2, 'TVA BE 21%'),
(5, 3, 'TVA BE 21%'),
(5, 4, 'TVA BE 21%'),
(6, 1, 'ДДС BG 20%'),
(6, 2, 'ДДС BG 20%'),
(6, 3, 'ДДС BG 20%'),
(6, 4, 'ДДС BG 20%'),
(7, 1, 'ΦΠΑ CY 19%'),
(7, 2, 'ΦΠΑ CY 19%'),
(7, 3, 'ΦΠΑ CY 19%'),
(7, 4, 'ΦΠΑ CY 19%'),
(8, 1, 'DPH CZ 21%'),
(8, 2, 'DPH CZ 21%'),
(8, 3, 'DPH CZ 21%'),
(8, 4, 'DPH CZ 21%'),
(9, 1, 'MwSt. DE 19%'),
(9, 2, 'MwSt. DE 19%'),
(9, 3, 'MwSt. DE 19%'),
(9, 4, 'MwSt. DE 19%'),
(10, 1, 'moms DK 25%'),
(10, 2, 'moms DK 25%'),
(10, 3, 'moms DK 25%'),
(10, 4, 'moms DK 25%'),
(11, 1, 'km EE 20%'),
(11, 2, 'km EE 20%'),
(11, 3, 'km EE 20%'),
(11, 4, 'km EE 20%'),
(12, 1, 'ALV FI 24%'),
(12, 2, 'ALV FI 24%'),
(12, 3, 'ALV FI 24%'),
(12, 4, 'ALV FI 24%'),
(13, 1, 'TVA FR 20%'),
(13, 2, 'TVA FR 20%'),
(13, 3, 'TVA FR 20%'),
(13, 4, 'TVA FR 20%'),
(14, 1, 'VAT UK 20%'),
(14, 2, 'VAT UK 20%'),
(14, 3, 'VAT UK 20%'),
(14, 4, 'VAT UK 20%'),
(15, 1, 'ΦΠΑ GR 23%'),
(15, 2, 'ΦΠΑ GR 23%'),
(15, 3, 'ΦΠΑ GR 23%'),
(15, 4, 'ΦΠΑ GR 23%'),
(16, 1, 'Croatia PDV 25%'),
(16, 2, 'Croatia PDV 25%'),
(16, 3, 'Croatia PDV 25%'),
(16, 4, 'Croatia PDV 25%'),
(17, 1, 'ÁFA HU 27%'),
(17, 2, 'ÁFA HU 27%'),
(17, 3, 'ÁFA HU 27%'),
(17, 4, 'ÁFA HU 27%'),
(18, 1, 'VAT IE 23%'),
(18, 2, 'VAT IE 23%'),
(18, 3, 'VAT IE 23%'),
(18, 4, 'VAT IE 23%'),
(19, 1, 'IVA IT 22%'),
(19, 2, 'IVA IT 22%'),
(19, 3, 'IVA IT 22%'),
(19, 4, 'IVA IT 22%'),
(20, 1, 'PVM LT 21%'),
(20, 2, 'PVM LT 21%'),
(20, 3, 'PVM LT 21%'),
(20, 4, 'PVM LT 21%'),
(21, 1, 'TVA LU 17%'),
(21, 2, 'TVA LU 17%'),
(21, 3, 'TVA LU 17%'),
(21, 4, 'TVA LU 17%'),
(22, 1, 'PVN LV 21%'),
(22, 2, 'PVN LV 21%'),
(22, 3, 'PVN LV 21%'),
(22, 4, 'PVN LV 21%'),
(23, 1, 'VAT MT 18%'),
(23, 2, 'VAT MT 18%'),
(23, 3, 'VAT MT 18%'),
(23, 4, 'VAT MT 18%'),
(24, 1, 'BTW NL 21%'),
(24, 2, 'BTW NL 21%'),
(24, 3, 'BTW NL 21%'),
(24, 4, 'BTW NL 21%'),
(25, 1, 'PTU PL 23%'),
(25, 2, 'PTU PL 23%'),
(25, 3, 'PTU PL 23%'),
(25, 4, 'PTU PL 23%'),
(26, 1, 'IVA PT 23%'),
(26, 2, 'IVA PT 23%'),
(26, 3, 'IVA PT 23%'),
(26, 4, 'IVA PT 23%'),
(27, 1, 'TVA RO 20%'),
(27, 2, 'TVA RO 20%'),
(27, 3, 'TVA RO 20%'),
(27, 4, 'TVA RO 20%'),
(28, 1, 'Moms SE 25%'),
(28, 2, 'Moms SE 25%'),
(28, 3, 'Moms SE 25%'),
(28, 4, 'Moms SE 25%'),
(29, 1, 'DDV SI 22%'),
(29, 2, 'DDV SI 22%'),
(29, 3, 'DDV SI 22%'),
(29, 4, 'DDV SI 22%'),
(30, 1, 'DPH SK 20%'),
(30, 2, 'DPH SK 20%'),
(30, 3, 'DPH SK 20%'),
(30, 4, 'DPH SK 20%');

-- --------------------------------------------------------

--
-- Estructura de tabla para la tabla `ps_tax_rule`
--

CREATE TABLE IF NOT EXISTS `ps_tax_rule` (
  `id_tax_rule` int(11) NOT NULL AUTO_INCREMENT,
  `id_tax_rules_group` int(11) NOT NULL,
  `id_country` int(11) NOT NULL,
  `id_state` int(11) NOT NULL,
  `zipcode_from` varchar(12) NOT NULL,
  `zipcode_to` varchar(12) NOT NULL,
  `id_tax` int(11) NOT NULL,
  `behavior` int(11) NOT NULL,
  `description` varchar(100) NOT NULL,
  PRIMARY KEY (`id_tax_rule`),
  KEY `id_tax_rules_group` (`id_tax_rules_group`),
  KEY `id_tax` (`id_tax`),
  KEY `category_getproducts` (`id_tax_rules_group`,`id_country`,`id_state`,`zipcode_from`)
) ENGINE=InnoDB  DEFAULT CHARSET=utf8 AUTO_INCREMENT=159 ;

--
-- Volcado de datos para la tabla `ps_tax_rule`
--

INSERT INTO `ps_tax_rule` (`id_tax_rule`, `id_tax_rules_group`, `id_country`, `id_state`, `zipcode_from`, `zipcode_to`, `id_tax`, `behavior`, `description`) VALUES
(1, 1, 3, 0, '0', '0', 1, 0, ''),
(2, 1, 236, 0, '0', '0', 1, 0, ''),
(3, 1, 16, 0, '0', '0', 1, 0, ''),
(4, 1, 20, 0, '0', '0', 1, 0, ''),
(5, 1, 1, 0, '0', '0', 1, 0, ''),
(6, 1, 86, 0, '0', '0', 1, 0, ''),
(7, 1, 9, 0, '0', '0', 1, 0, ''),
(8, 1, 6, 0, '0', '0', 1, 0, ''),
(9, 1, 8, 0, '0', '0', 1, 0, ''),
(10, 1, 26, 0, '0', '0', 1, 0, ''),
(11, 1, 10, 0, '0', '0', 1, 0, ''),
(12, 1, 76, 0, '0', '0', 1, 0, ''),
(13, 1, 125, 0, '0', '0', 1, 0, ''),
(14, 1, 131, 0, '0', '0', 1, 0, ''),
(15, 1, 12, 0, '0', '0', 1, 0, ''),
(16, 1, 143, 0, '0', '0', 1, 0, ''),
(17, 1, 139, 0, '0', '0', 1, 0, ''),
(18, 1, 13, 0, '0', '0', 1, 0, ''),
(19, 1, 2, 0, '0', '0', 1, 0, ''),
(20, 1, 14, 0, '0', '0', 1, 0, ''),
(21, 1, 15, 0, '0', '0', 1, 0, ''),
(22, 1, 36, 0, '0', '0', 1, 0, ''),
(23, 1, 193, 0, '0', '0', 1, 0, ''),
(24, 1, 37, 0, '0', '0', 1, 0, ''),
(25, 1, 7, 0, '0', '0', 1, 0, ''),
(26, 1, 18, 0, '0', '0', 1, 0, ''),
(27, 2, 3, 0, '0', '0', 2, 0, ''),
(28, 2, 236, 0, '0', '0', 2, 0, ''),
(29, 2, 16, 0, '0', '0', 2, 0, ''),
(30, 2, 20, 0, '0', '0', 2, 0, ''),
(31, 2, 1, 0, '0', '0', 2, 0, ''),
(32, 2, 86, 0, '0', '0', 2, 0, ''),
(33, 2, 9, 0, '0', '0', 2, 0, ''),
(34, 2, 6, 0, '0', '0', 2, 0, ''),
(35, 2, 8, 0, '0', '0', 2, 0, ''),
(36, 2, 26, 0, '0', '0', 2, 0, ''),
(37, 2, 10, 0, '0', '0', 2, 0, ''),
(38, 2, 76, 0, '0', '0', 2, 0, ''),
(39, 2, 125, 0, '0', '0', 2, 0, ''),
(40, 2, 131, 0, '0', '0', 2, 0, ''),
(41, 2, 12, 0, '0', '0', 2, 0, ''),
(42, 2, 143, 0, '0', '0', 2, 0, ''),
(43, 2, 139, 0, '0', '0', 2, 0, ''),
(44, 2, 13, 0, '0', '0', 2, 0, ''),
(45, 2, 2, 0, '0', '0', 2, 0, ''),
(46, 2, 14, 0, '0', '0', 2, 0, ''),
(47, 2, 15, 0, '0', '0', 2, 0, ''),
(48, 2, 36, 0, '0', '0', 2, 0, ''),
(49, 2, 193, 0, '0', '0', 2, 0, ''),
(50, 2, 37, 0, '0', '0', 2, 0, ''),
(51, 2, 7, 0, '0', '0', 2, 0, ''),
(52, 2, 18, 0, '0', '0', 2, 0, ''),
(53, 3, 3, 0, '0', '0', 3, 0, ''),
(54, 3, 236, 0, '0', '0', 3, 0, ''),
(55, 3, 16, 0, '0', '0', 3, 0, ''),
(56, 3, 20, 0, '0', '0', 3, 0, ''),
(57, 3, 1, 0, '0', '0', 3, 0, ''),
(58, 3, 86, 0, '0', '0', 3, 0, ''),
(59, 3, 9, 0, '0', '0', 3, 0, ''),
(60, 3, 6, 0, '0', '0', 3, 0, ''),
(61, 3, 8, 0, '0', '0', 3, 0, ''),
(62, 3, 26, 0, '0', '0', 3, 0, ''),
(63, 3, 10, 0, '0', '0', 3, 0, ''),
(64, 3, 76, 0, '0', '0', 3, 0, ''),
(65, 3, 125, 0, '0', '0', 3, 0, ''),
(66, 3, 131, 0, '0', '0', 3, 0, ''),
(67, 3, 12, 0, '0', '0', 3, 0, ''),
(68, 3, 143, 0, '0', '0', 3, 0, ''),
(69, 3, 139, 0, '0', '0', 3, 0, ''),
(70, 3, 13, 0, '0', '0', 3, 0, ''),
(71, 3, 2, 0, '0', '0', 3, 0, ''),
(72, 3, 14, 0, '0', '0', 3, 0, ''),
(73, 3, 15, 0, '0', '0', 3, 0, ''),
(74, 3, 36, 0, '0', '0', 3, 0, ''),
(75, 3, 193, 0, '0', '0', 3, 0, ''),
(76, 3, 37, 0, '0', '0', 3, 0, ''),
(77, 3, 7, 0, '0', '0', 3, 0, ''),
(78, 3, 18, 0, '0', '0', 3, 0, ''),
(79, 4, 3, 0, '0', '0', 3, 0, ''),
(80, 4, 236, 0, '0', '0', 3, 0, ''),
(81, 4, 16, 0, '0', '0', 3, 0, ''),
(82, 4, 20, 0, '0', '0', 3, 0, ''),
(83, 4, 1, 0, '0', '0', 3, 0, ''),
(84, 4, 86, 0, '0', '0', 3, 0, ''),
(85, 4, 9, 0, '0', '0', 3, 0, ''),
(86, 4, 6, 0, '0', '0', 3, 0, ''),
(87, 4, 8, 0, '0', '0', 3, 0, ''),
(88, 4, 26, 0, '0', '0', 3, 0, ''),
(89, 4, 10, 0, '0', '0', 3, 0, ''),
(90, 4, 76, 0, '0', '0', 3, 0, ''),
(91, 4, 125, 0, '0', '0', 3, 0, ''),
(92, 4, 131, 0, '0', '0', 3, 0, ''),
(93, 4, 12, 0, '0', '0', 3, 0, ''),
(94, 4, 143, 0, '0', '0', 3, 0, ''),
(95, 4, 139, 0, '0', '0', 3, 0, ''),
(96, 4, 13, 0, '0', '0', 3, 0, ''),
(97, 4, 2, 0, '0', '0', 3, 0, ''),
(98, 4, 14, 0, '0', '0', 3, 0, ''),
(99, 4, 15, 0, '0', '0', 3, 0, ''),
(100, 4, 36, 0, '0', '0', 3, 0, ''),
(101, 4, 193, 0, '0', '0', 3, 0, ''),
(102, 4, 37, 0, '0', '0', 3, 0, ''),
(103, 4, 7, 0, '0', '0', 3, 0, ''),
(104, 4, 18, 0, '0', '0', 3, 0, ''),
(105, 5, 3, 0, '0', '0', 3, 0, ''),
(106, 5, 236, 0, '0', '0', 3, 0, ''),
(107, 5, 16, 0, '0', '0', 3, 0, ''),
(108, 5, 20, 0, '0', '0', 3, 0, ''),
(109, 5, 1, 0, '0', '0', 3, 0, ''),
(110, 5, 86, 0, '0', '0', 3, 0, ''),
(111, 5, 9, 0, '0', '0', 3, 0, ''),
(112, 5, 6, 0, '0', '0', 3, 0, ''),
(113, 5, 8, 0, '0', '0', 3, 0, ''),
(114, 5, 26, 0, '0', '0', 3, 0, ''),
(115, 5, 10, 0, '0', '0', 3, 0, ''),
(116, 5, 76, 0, '0', '0', 3, 0, ''),
(117, 5, 125, 0, '0', '0', 3, 0, ''),
(118, 5, 131, 0, '0', '0', 3, 0, ''),
(119, 5, 12, 0, '0', '0', 3, 0, ''),
(120, 5, 143, 0, '0', '0', 3, 0, ''),
(121, 5, 139, 0, '0', '0', 3, 0, ''),
(122, 5, 13, 0, '0', '0', 3, 0, ''),
(123, 5, 2, 0, '0', '0', 3, 0, ''),
(124, 5, 14, 0, '0', '0', 3, 0, ''),
(125, 5, 15, 0, '0', '0', 3, 0, ''),
(126, 5, 36, 0, '0', '0', 3, 0, ''),
(127, 5, 193, 0, '0', '0', 3, 0, ''),
(128, 5, 37, 0, '0', '0', 3, 0, ''),
(129, 5, 7, 0, '0', '0', 3, 0, ''),
(130, 5, 18, 0, '0', '0', 3, 0, ''),
(131, 6, 6, 0, '0', '0', 1, 0, ''),
(132, 6, 2, 0, '0', '0', 4, 0, ''),
(133, 6, 3, 0, '0', '0', 5, 0, ''),
(134, 6, 236, 0, '0', '0', 6, 0, ''),
(135, 6, 76, 0, '0', '0', 7, 0, ''),
(136, 6, 16, 0, '0', '0', 8, 0, ''),
(137, 6, 1, 0, '0', '0', 9, 0, ''),
(138, 6, 20, 0, '0', '0', 10, 0, ''),
(139, 6, 86, 0, '0', '0', 11, 0, ''),
(140, 6, 7, 0, '0', '0', 12, 0, ''),
(141, 6, 8, 0, '0', '0', 13, 0, ''),
(142, 6, 17, 0, '0', '0', 14, 0, ''),
(143, 6, 9, 0, '0', '0', 15, 0, ''),
(144, 6, 74, 0, '0', '0', 16, 0, ''),
(145, 6, 143, 0, '0', '0', 17, 0, ''),
(146, 6, 26, 0, '0', '0', 18, 0, ''),
(147, 6, 10, 0, '0', '0', 19, 0, ''),
(148, 6, 131, 0, '0', '0', 20, 0, ''),
(149, 6, 12, 0, '0', '0', 21, 0, ''),
(150, 6, 125, 0, '0', '0', 22, 0, ''),
(151, 6, 139, 0, '0', '0', 23, 0, ''),
(152, 6, 13, 0, '0', '0', 24, 0, ''),
(153, 6, 14, 0, '0', '0', 25, 0, ''),
(154, 6, 15, 0, '0', '0', 26, 0, ''),
(155, 6, 36, 0, '0', '0', 27, 0, ''),
(156, 6, 18, 0, '0', '0', 28, 0, ''),
(157, 6, 193, 0, '0', '0', 29, 0, ''),
(158, 6, 37, 0, '0', '0', 30, 0, '');

-- --------------------------------------------------------

--
-- Estructura de tabla para la tabla `ps_tax_rules_group`
--

CREATE TABLE IF NOT EXISTS `ps_tax_rules_group` (
  `id_tax_rules_group` int(11) NOT NULL AUTO_INCREMENT,
  `name` varchar(50) NOT NULL,
  `active` int(11) NOT NULL,
  `deleted` tinyint(1) unsigned NOT NULL,
  `date_add` datetime NOT NULL,
  `date_upd` datetime NOT NULL,
  PRIMARY KEY (`id_tax_rules_group`)
) ENGINE=InnoDB  DEFAULT CHARSET=utf8 AUTO_INCREMENT=7 ;

--
-- Volcado de datos para la tabla `ps_tax_rules_group`
--

INSERT INTO `ps_tax_rules_group` (`id_tax_rules_group`, `name`, `active`, `deleted`, `date_add`, `date_upd`) VALUES
(1, 'ES Standard rate (21%)', 1, 0, '2018-02-19 10:25:44', '2018-02-19 10:25:44'),
(2, 'ES Reduced Rate (10%)', 1, 0, '2018-02-19 10:25:44', '2018-02-19 10:25:44'),
(3, 'ES Super Reduced Rate (4%)', 1, 0, '2018-02-19 10:25:45', '2018-02-19 10:25:45'),
(4, 'ES Foodstuff Rate (4%)', 1, 0, '2018-02-19 10:25:45', '2018-02-19 10:25:45'),
(5, 'ES Books Rate (4%)', 1, 0, '2018-02-19 10:25:45', '2018-02-19 10:25:45'),
(6, 'EU VAT For Virtual Products', 1, 0, '2018-02-19 10:25:45', '2018-02-19 10:25:45');

-- --------------------------------------------------------

--
-- Estructura de tabla para la tabla `ps_tax_rules_group_shop`
--

CREATE TABLE IF NOT EXISTS `ps_tax_rules_group_shop` (
  `id_tax_rules_group` int(11) unsigned NOT NULL,
  `id_shop` int(11) unsigned NOT NULL,
  PRIMARY KEY (`id_tax_rules_group`,`id_shop`),
  KEY `id_shop` (`id_shop`)
) ENGINE=InnoDB DEFAULT CHARSET=utf8;

--
-- Volcado de datos para la tabla `ps_tax_rules_group_shop`
--

INSERT INTO `ps_tax_rules_group_shop` (`id_tax_rules_group`, `id_shop`) VALUES
(1, 1),
(2, 1),
(3, 1),
(4, 1),
(5, 1),
(6, 1);

-- --------------------------------------------------------

--
-- Estructura de tabla para la tabla `ps_timezone`
--

CREATE TABLE IF NOT EXISTS `ps_timezone` (
  `id_timezone` int(10) unsigned NOT NULL AUTO_INCREMENT,
  `name` varchar(32) NOT NULL,
  PRIMARY KEY (`id_timezone`)
) ENGINE=InnoDB  DEFAULT CHARSET=utf8 AUTO_INCREMENT=561 ;

--
-- Volcado de datos para la tabla `ps_timezone`
--

INSERT INTO `ps_timezone` (`id_timezone`, `name`) VALUES
(1, 'Africa/Abidjan'),
(2, 'Africa/Accra'),
(3, 'Africa/Addis_Ababa'),
(4, 'Africa/Algiers'),
(5, 'Africa/Asmara'),
(6, 'Africa/Asmera'),
(7, 'Africa/Bamako'),
(8, 'Africa/Bangui'),
(9, 'Africa/Banjul'),
(10, 'Africa/Bissau'),
(11, 'Africa/Blantyre'),
(12, 'Africa/Brazzaville'),
(13, 'Africa/Bujumbura'),
(14, 'Africa/Cairo'),
(15, 'Africa/Casablanca'),
(16, 'Africa/Ceuta'),
(17, 'Africa/Conakry'),
(18, 'Africa/Dakar'),
(19, 'Africa/Dar_es_Salaam'),
(20, 'Africa/Djibouti'),
(21, 'Africa/Douala'),
(22, 'Africa/El_Aaiun'),
(23, 'Africa/Freetown'),
(24, 'Africa/Gaborone'),
(25, 'Africa/Harare'),
(26, 'Africa/Johannesburg'),
(27, 'Africa/Kampala'),
(28, 'Africa/Khartoum'),
(29, 'Africa/Kigali'),
(30, 'Africa/Kinshasa'),
(31, 'Africa/Lagos'),
(32, 'Africa/Libreville'),
(33, 'Africa/Lome'),
(34, 'Africa/Luanda'),
(35, 'Africa/Lubumbashi'),
(36, 'Africa/Lusaka'),
(37, 'Africa/Malabo'),
(38, 'Africa/Maputo'),
(39, 'Africa/Maseru'),
(40, 'Africa/Mbabane'),
(41, 'Africa/Mogadishu'),
(42, 'Africa/Monrovia'),
(43, 'Africa/Nairobi'),
(44, 'Africa/Ndjamena'),
(45, 'Africa/Niamey'),
(46, 'Africa/Nouakchott'),
(47, 'Africa/Ouagadougou'),
(48, 'Africa/Porto-Novo'),
(49, 'Africa/Sao_Tome'),
(50, 'Africa/Timbuktu'),
(51, 'Africa/Tripoli'),
(52, 'Africa/Tunis'),
(53, 'Africa/Windhoek'),
(54, 'America/Adak'),
(55, 'America/Anchorage '),
(56, 'America/Anguilla'),
(57, 'America/Antigua'),
(58, 'America/Araguaina'),
(59, 'America/Argentina/Buenos_Aires'),
(60, 'America/Argentina/Catamarca'),
(61, 'America/Argentina/ComodRivadavia'),
(62, 'America/Argentina/Cordoba'),
(63, 'America/Argentina/Jujuy'),
(64, 'America/Argentina/La_Rioja'),
(65, 'America/Argentina/Mendoza'),
(66, 'America/Argentina/Rio_Gallegos'),
(67, 'America/Argentina/Salta'),
(68, 'America/Argentina/San_Juan'),
(69, 'America/Argentina/San_Luis'),
(70, 'America/Argentina/Tucuman'),
(71, 'America/Argentina/Ushuaia'),
(72, 'America/Aruba'),
(73, 'America/Asuncion'),
(74, 'America/Atikokan'),
(75, 'America/Atka'),
(76, 'America/Bahia'),
(77, 'America/Barbados'),
(78, 'America/Belem'),
(79, 'America/Belize'),
(80, 'America/Blanc-Sablon'),
(81, 'America/Boa_Vista'),
(82, 'America/Bogota'),
(83, 'America/Boise'),
(84, 'America/Buenos_Aires'),
(85, 'America/Cambridge_Bay'),
(86, 'America/Campo_Grande'),
(87, 'America/Cancun'),
(88, 'America/Caracas'),
(89, 'America/Catamarca'),
(90, 'America/Cayenne'),
(91, 'America/Cayman'),
(92, 'America/Chicago'),
(93, 'America/Chihuahua'),
(94, 'America/Coral_Harbour'),
(95, 'America/Cordoba'),
(96, 'America/Costa_Rica'),
(97, 'America/Cuiaba'),
(98, 'America/Curacao'),
(99, 'America/Danmarkshavn'),
(100, 'America/Dawson'),
(101, 'America/Dawson_Creek'),
(102, 'America/Denver'),
(103, 'America/Detroit'),
(104, 'America/Dominica'),
(105, 'America/Edmonton'),
(106, 'America/Eirunepe'),
(107, 'America/El_Salvador'),
(108, 'America/Ensenada'),
(109, 'America/Fort_Wayne'),
(110, 'America/Fortaleza'),
(111, 'America/Glace_Bay'),
(112, 'America/Godthab'),
(113, 'America/Goose_Bay'),
(114, 'America/Grand_Turk'),
(115, 'America/Grenada'),
(116, 'America/Guadeloupe'),
(117, 'America/Guatemala'),
(118, 'America/Guayaquil'),
(119, 'America/Guyana'),
(120, 'America/Halifax'),
(121, 'America/Havana'),
(122, 'America/Hermosillo'),
(123, 'America/Indiana/Indianapolis'),
(124, 'America/Indiana/Knox'),
(125, 'America/Indiana/Marengo'),
(126, 'America/Indiana/Petersburg'),
(127, 'America/Indiana/Tell_City'),
(128, 'America/Indiana/Vevay'),
(129, 'America/Indiana/Vincennes'),
(130, 'America/Indiana/Winamac'),
(131, 'America/Indianapolis'),
(132, 'America/Inuvik'),
(133, 'America/Iqaluit'),
(134, 'America/Jamaica'),
(135, 'America/Jujuy'),
(136, 'America/Juneau'),
(137, 'America/Kentucky/Louisville'),
(138, 'America/Kentucky/Monticello'),
(139, 'America/Knox_IN'),
(140, 'America/La_Paz'),
(141, 'America/Lima'),
(142, 'America/Los_Angeles'),
(143, 'America/Louisville'),
(144, 'America/Maceio'),
(145, 'America/Managua'),
(146, 'America/Manaus'),
(147, 'America/Marigot'),
(148, 'America/Martinique'),
(149, 'America/Mazatlan'),
(150, 'America/Mendoza'),
(151, 'America/Menominee'),
(152, 'America/Merida'),
(153, 'America/Mexico_City'),
(154, 'America/Miquelon'),
(155, 'America/Moncton'),
(156, 'America/Monterrey'),
(157, 'America/Montevideo'),
(158, 'America/Montreal'),
(159, 'America/Montserrat'),
(160, 'America/Nassau'),
(161, 'America/New_York'),
(162, 'America/Nipigon'),
(163, 'America/Nome'),
(164, 'America/Noronha'),
(165, 'America/North_Dakota/Center'),
(166, 'America/North_Dakota/New_Salem'),
(167, 'America/Panama'),
(168, 'America/Pangnirtung'),
(169, 'America/Paramaribo'),
(170, 'America/Phoenix'),
(171, 'America/Port-au-Prince'),
(172, 'America/Port_of_Spain'),
(173, 'America/Porto_Acre'),
(174, 'America/Porto_Velho'),
(175, 'America/Puerto_Rico'),
(176, 'America/Rainy_River'),
(177, 'America/Rankin_Inlet'),
(178, 'America/Recife'),
(179, 'America/Regina'),
(180, 'America/Resolute'),
(181, 'America/Rio_Branco'),
(182, 'America/Rosario'),
(183, 'America/Santarem'),
(184, 'America/Santiago'),
(185, 'America/Santo_Domingo'),
(186, 'America/Sao_Paulo'),
(187, 'America/Scoresbysund'),
(188, 'America/Shiprock'),
(189, 'America/St_Barthelemy'),
(190, 'America/St_Johns'),
(191, 'America/St_Kitts'),
(192, 'America/St_Lucia'),
(193, 'America/St_Thomas'),
(194, 'America/St_Vincent'),
(195, 'America/Swift_Current'),
(196, 'America/Tegucigalpa'),
(197, 'America/Thule'),
(198, 'America/Thunder_Bay'),
(199, 'America/Tijuana'),
(200, 'America/Toronto'),
(201, 'America/Tortola'),
(202, 'America/Vancouver'),
(203, 'America/Virgin'),
(204, 'America/Whitehorse'),
(205, 'America/Winnipeg'),
(206, 'America/Yakutat'),
(207, 'America/Yellowknife'),
(208, 'Antarctica/Casey'),
(209, 'Antarctica/Davis'),
(210, 'Antarctica/DumontDUrville'),
(211, 'Antarctica/Mawson'),
(212, 'Antarctica/McMurdo'),
(213, 'Antarctica/Palmer'),
(214, 'Antarctica/Rothera'),
(215, 'Antarctica/South_Pole'),
(216, 'Antarctica/Syowa'),
(217, 'Antarctica/Vostok'),
(218, 'Arctic/Longyearbyen'),
(219, 'Asia/Aden'),
(220, 'Asia/Almaty'),
(221, 'Asia/Amman'),
(222, 'Asia/Anadyr'),
(223, 'Asia/Aqtau'),
(224, 'Asia/Aqtobe'),
(225, 'Asia/Ashgabat'),
(226, 'Asia/Ashkhabad'),
(227, 'Asia/Baghdad'),
(228, 'Asia/Bahrain'),
(229, 'Asia/Baku'),
(230, 'Asia/Bangkok'),
(231, 'Asia/Beirut'),
(232, 'Asia/Bishkek'),
(233, 'Asia/Brunei'),
(234, 'Asia/Calcutta'),
(235, 'Asia/Choibalsan'),
(236, 'Asia/Chongqing'),
(237, 'Asia/Chungking'),
(238, 'Asia/Colombo'),
(239, 'Asia/Dacca'),
(240, 'Asia/Damascus'),
(241, 'Asia/Dhaka'),
(242, 'Asia/Dili'),
(243, 'Asia/Dubai'),
(244, 'Asia/Dushanbe'),
(245, 'Asia/Gaza'),
(246, 'Asia/Harbin'),
(247, 'Asia/Ho_Chi_Minh'),
(248, 'Asia/Hong_Kong'),
(249, 'Asia/Hovd'),
(250, 'Asia/Irkutsk'),
(251, 'Asia/Istanbul'),
(252, 'Asia/Jakarta'),
(253, 'Asia/Jayapura'),
(254, 'Asia/Jerusalem'),
(255, 'Asia/Kabul'),
(256, 'Asia/Kamchatka'),
(257, 'Asia/Karachi'),
(258, 'Asia/Kashgar'),
(259, 'Asia/Kathmandu'),
(260, 'Asia/Katmandu'),
(261, 'Asia/Kolkata'),
(262, 'Asia/Krasnoyarsk'),
(263, 'Asia/Kuala_Lumpur'),
(264, 'Asia/Kuching'),
(265, 'Asia/Kuwait'),
(266, 'Asia/Macao'),
(267, 'Asia/Macau'),
(268, 'Asia/Magadan'),
(269, 'Asia/Makassar'),
(270, 'Asia/Manila'),
(271, 'Asia/Muscat'),
(272, 'Asia/Nicosia'),
(273, 'Asia/Novosibirsk'),
(274, 'Asia/Omsk'),
(275, 'Asia/Oral'),
(276, 'Asia/Phnom_Penh'),
(277, 'Asia/Pontianak'),
(278, 'Asia/Pyongyang'),
(279, 'Asia/Qatar'),
(280, 'Asia/Qyzylorda'),
(281, 'Asia/Rangoon'),
(282, 'Asia/Riyadh'),
(283, 'Asia/Saigon'),
(284, 'Asia/Sakhalin'),
(285, 'Asia/Samarkand'),
(286, 'Asia/Seoul'),
(287, 'Asia/Shanghai'),
(288, 'Asia/Singapore'),
(289, 'Asia/Taipei'),
(290, 'Asia/Tashkent'),
(291, 'Asia/Tbilisi'),
(292, 'Asia/Tehran'),
(293, 'Asia/Tel_Aviv'),
(294, 'Asia/Thimbu'),
(295, 'Asia/Thimphu'),
(296, 'Asia/Tokyo'),
(297, 'Asia/Ujung_Pandang'),
(298, 'Asia/Ulaanbaatar'),
(299, 'Asia/Ulan_Bator'),
(300, 'Asia/Urumqi'),
(301, 'Asia/Vientiane'),
(302, 'Asia/Vladivostok'),
(303, 'Asia/Yakutsk'),
(304, 'Asia/Yekaterinburg'),
(305, 'Asia/Yerevan'),
(306, 'Atlantic/Azores'),
(307, 'Atlantic/Bermuda'),
(308, 'Atlantic/Canary'),
(309, 'Atlantic/Cape_Verde'),
(310, 'Atlantic/Faeroe'),
(311, 'Atlantic/Faroe'),
(312, 'Atlantic/Jan_Mayen'),
(313, 'Atlantic/Madeira'),
(314, 'Atlantic/Reykjavik'),
(315, 'Atlantic/South_Georgia'),
(316, 'Atlantic/St_Helena'),
(317, 'Atlantic/Stanley'),
(318, 'Australia/ACT'),
(319, 'Australia/Adelaide'),
(320, 'Australia/Brisbane'),
(321, 'Australia/Broken_Hill'),
(322, 'Australia/Canberra'),
(323, 'Australia/Currie'),
(324, 'Australia/Darwin'),
(325, 'Australia/Eucla'),
(326, 'Australia/Hobart'),
(327, 'Australia/LHI'),
(328, 'Australia/Lindeman'),
(329, 'Australia/Lord_Howe'),
(330, 'Australia/Melbourne'),
(331, 'Australia/North'),
(332, 'Australia/NSW'),
(333, 'Australia/Perth'),
(334, 'Australia/Queensland'),
(335, 'Australia/South'),
(336, 'Australia/Sydney'),
(337, 'Australia/Tasmania'),
(338, 'Australia/Victoria'),
(339, 'Australia/West'),
(340, 'Australia/Yancowinna'),
(341, 'Europe/Amsterdam'),
(342, 'Europe/Andorra'),
(343, 'Europe/Athens'),
(344, 'Europe/Belfast'),
(345, 'Europe/Belgrade'),
(346, 'Europe/Berlin'),
(347, 'Europe/Bratislava'),
(348, 'Europe/Brussels'),
(349, 'Europe/Bucharest'),
(350, 'Europe/Budapest'),
(351, 'Europe/Chisinau'),
(352, 'Europe/Copenhagen'),
(353, 'Europe/Dublin'),
(354, 'Europe/Gibraltar'),
(355, 'Europe/Guernsey'),
(356, 'Europe/Helsinki'),
(357, 'Europe/Isle_of_Man'),
(358, 'Europe/Istanbul'),
(359, 'Europe/Jersey'),
(360, 'Europe/Kaliningrad'),
(361, 'Europe/Kiev'),
(362, 'Europe/Lisbon'),
(363, 'Europe/Ljubljana'),
(364, 'Europe/London'),
(365, 'Europe/Luxembourg'),
(366, 'Europe/Madrid'),
(367, 'Europe/Malta'),
(368, 'Europe/Mariehamn'),
(369, 'Europe/Minsk'),
(370, 'Europe/Monaco'),
(371, 'Europe/Moscow'),
(372, 'Europe/Nicosia'),
(373, 'Europe/Oslo'),
(374, 'Europe/Paris'),
(375, 'Europe/Podgorica'),
(376, 'Europe/Prague'),
(377, 'Europe/Riga'),
(378, 'Europe/Rome'),
(379, 'Europe/Samara'),
(380, 'Europe/San_Marino'),
(381, 'Europe/Sarajevo'),
(382, 'Europe/Simferopol'),
(383, 'Europe/Skopje'),
(384, 'Europe/Sofia'),
(385, 'Europe/Stockholm'),
(386, 'Europe/Tallinn'),
(387, 'Europe/Tirane'),
(388, 'Europe/Tiraspol'),
(389, 'Europe/Uzhgorod'),
(390, 'Europe/Vaduz'),
(391, 'Europe/Vatican'),
(392, 'Europe/Vienna'),
(393, 'Europe/Vilnius'),
(394, 'Europe/Volgograd'),
(395, 'Europe/Warsaw'),
(396, 'Europe/Zagreb'),
(397, 'Europe/Zaporozhye'),
(398, 'Europe/Zurich'),
(399, 'Indian/Antananarivo'),
(400, 'Indian/Chagos'),
(401, 'Indian/Christmas'),
(402, 'Indian/Cocos'),
(403, 'Indian/Comoro'),
(404, 'Indian/Kerguelen'),
(405, 'Indian/Mahe'),
(406, 'Indian/Maldives'),
(407, 'Indian/Mauritius'),
(408, 'Indian/Mayotte'),
(409, 'Indian/Reunion'),
(410, 'Pacific/Apia'),
(411, 'Pacific/Auckland'),
(412, 'Pacific/Chatham'),
(413, 'Pacific/Easter'),
(414, 'Pacific/Efate'),
(415, 'Pacific/Enderbury'),
(416, 'Pacific/Fakaofo'),
(417, 'Pacific/Fiji'),
(418, 'Pacific/Funafuti'),
(419, 'Pacific/Galapagos'),
(420, 'Pacific/Gambier'),
(421, 'Pacific/Guadalcanal'),
(422, 'Pacific/Guam'),
(423, 'Pacific/Honolulu'),
(424, 'Pacific/Johnston'),
(425, 'Pacific/Kiritimati'),
(426, 'Pacific/Kosrae'),
(427, 'Pacific/Kwajalein'),
(428, 'Pacific/Majuro'),
(429, 'Pacific/Marquesas'),
(430, 'Pacific/Midway'),
(431, 'Pacific/Nauru'),
(432, 'Pacific/Niue'),
(433, 'Pacific/Norfolk'),
(434, 'Pacific/Noumea'),
(435, 'Pacific/Pago_Pago'),
(436, 'Pacific/Palau'),
(437, 'Pacific/Pitcairn'),
(438, 'Pacific/Ponape'),
(439, 'Pacific/Port_Moresby'),
(440, 'Pacific/Rarotonga'),
(441, 'Pacific/Saipan'),
(442, 'Pacific/Samoa'),
(443, 'Pacific/Tahiti'),
(444, 'Pacific/Tarawa'),
(445, 'Pacific/Tongatapu'),
(446, 'Pacific/Truk'),
(447, 'Pacific/Wake'),
(448, 'Pacific/Wallis'),
(449, 'Pacific/Yap'),
(450, 'Brazil/Acre'),
(451, 'Brazil/DeNoronha'),
(452, 'Brazil/East'),
(453, 'Brazil/West'),
(454, 'Canada/Atlantic'),
(455, 'Canada/Central'),
(456, 'Canada/East-Saskatchewan'),
(457, 'Canada/Eastern'),
(458, 'Canada/Mountain'),
(459, 'Canada/Newfoundland'),
(460, 'Canada/Pacific'),
(461, 'Canada/Saskatchewan'),
(462, 'Canada/Yukon'),
(463, 'CET'),
(464, 'Chile/Continental'),
(465, 'Chile/EasterIsland'),
(466, 'CST6CDT'),
(467, 'Cuba'),
(468, 'EET'),
(469, 'Egypt'),
(470, 'Eire'),
(471, 'EST'),
(472, 'EST5EDT'),
(473, 'Etc/GMT'),
(474, 'Etc/GMT+0'),
(475, 'Etc/GMT+1'),
(476, 'Etc/GMT+10'),
(477, 'Etc/GMT+11'),
(478, 'Etc/GMT+12'),
(479, 'Etc/GMT+2'),
(480, 'Etc/GMT+3'),
(481, 'Etc/GMT+4'),
(482, 'Etc/GMT+5'),
(483, 'Etc/GMT+6'),
(484, 'Etc/GMT+7'),
(485, 'Etc/GMT+8'),
(486, 'Etc/GMT+9'),
(487, 'Etc/GMT-0'),
(488, 'Etc/GMT-1'),
(489, 'Etc/GMT-10'),
(490, 'Etc/GMT-11'),
(491, 'Etc/GMT-12'),
(492, 'Etc/GMT-13'),
(493, 'Etc/GMT-14'),
(494, 'Etc/GMT-2'),
(495, 'Etc/GMT-3'),
(496, 'Etc/GMT-4'),
(497, 'Etc/GMT-5'),
(498, 'Etc/GMT-6'),
(499, 'Etc/GMT-7'),
(500, 'Etc/GMT-8'),
(501, 'Etc/GMT-9'),
(502, 'Etc/GMT0'),
(503, 'Etc/Greenwich'),
(504, 'Etc/UCT'),
(505, 'Etc/Universal'),
(506, 'Etc/UTC'),
(507, 'Etc/Zulu'),
(508, 'Factory'),
(509, 'GB'),
(510, 'GB-Eire'),
(511, 'GMT'),
(512, 'GMT+0'),
(513, 'GMT-0'),
(514, 'GMT0'),
(515, 'Greenwich'),
(516, 'Hongkong'),
(517, 'HST'),
(518, 'Iceland'),
(519, 'Iran'),
(520, 'Israel'),
(521, 'Jamaica'),
(522, 'Japan'),
(523, 'Kwajalein'),
(524, 'Libya'),
(525, 'MET'),
(526, 'Mexico/BajaNorte'),
(527, 'Mexico/BajaSur'),
(528, 'Mexico/General'),
(529, 'MST'),
(530, 'MST7MDT'),
(531, 'Navajo'),
(532, 'NZ'),
(533, 'NZ-CHAT'),
(534, 'Poland'),
(535, 'Portugal'),
(536, 'PRC'),
(537, 'PST8PDT'),
(538, 'ROC'),
(539, 'ROK'),
(540, 'Singapore'),
(541, 'Turkey'),
(542, 'UCT'),
(543, 'Universal'),
(544, 'US/Alaska'),
(545, 'US/Aleutian'),
(546, 'US/Arizona'),
(547, 'US/Central'),
(548, 'US/East-Indiana'),
(549, 'US/Eastern'),
(550, 'US/Hawaii'),
(551, 'US/Indiana-Starke'),
(552, 'US/Michigan'),
(553, 'US/Mountain'),
(554, 'US/Pacific'),
(555, 'US/Pacific-New'),
(556, 'US/Samoa'),
(557, 'UTC'),
(558, 'W-SU'),
(559, 'WET'),
(560, 'Zulu');

-- --------------------------------------------------------

--
-- Estructura de tabla para la tabla `ps_translation`
--

CREATE TABLE IF NOT EXISTS `ps_translation` (
  `id_translation` int(11) NOT NULL AUTO_INCREMENT,
  `id_lang` int(11) NOT NULL,
  `key` text COLLATE utf8_unicode_ci NOT NULL,
  `translation` text COLLATE utf8_unicode_ci NOT NULL,
  `domain` varchar(80) COLLATE utf8_unicode_ci NOT NULL,
  `theme` varchar(32) COLLATE utf8_unicode_ci DEFAULT NULL,
  PRIMARY KEY (`id_translation`),
  KEY `IDX_FBFD1FEDBA299860` (`id_lang`),
  KEY `key` (`domain`)
) ENGINE=InnoDB DEFAULT CHARSET=utf8 COLLATE=utf8_unicode_ci AUTO_INCREMENT=1 ;

-- --------------------------------------------------------

--
-- Estructura de tabla para la tabla `ps_trmo`
--

CREATE TABLE IF NOT EXISTS `ps_trmo` (
  `product_id` int(11) NOT NULL,
  `product_attribute_id` int(11) NOT NULL,
  `state_id` int(11) NOT NULL,
  `carrier7` decimal(5,2) NOT NULL,
  `carrier8` decimal(5,2) NOT NULL,
  PRIMARY KEY (`product_id`,`product_attribute_id`,`state_id`)
) ENGINE=InnoDB DEFAULT CHARSET=latin1;

--
-- Volcado de datos para la tabla `ps_trmo`
--

INSERT INTO `ps_trmo` (`product_id`, `product_attribute_id`, `state_id`, `carrier7`, `carrier8`) VALUES
(7942, 0, 334, '5.00', '50.00'),
(190597, 9396, 334, '7.00', '50.00');

-- --------------------------------------------------------

--
-- Estructura de tabla para la tabla `ps_warehouse`
--

CREATE TABLE IF NOT EXISTS `ps_warehouse` (
  `id_warehouse` int(11) unsigned NOT NULL AUTO_INCREMENT,
  `id_currency` int(11) unsigned NOT NULL,
  `id_address` int(11) unsigned NOT NULL,
  `id_employee` int(11) unsigned NOT NULL,
  `reference` varchar(32) DEFAULT NULL,
  `name` varchar(45) NOT NULL,
  `management_type` enum('WA','FIFO','LIFO') NOT NULL DEFAULT 'WA',
  `deleted` tinyint(1) unsigned NOT NULL DEFAULT '0',
  PRIMARY KEY (`id_warehouse`)
) ENGINE=InnoDB DEFAULT CHARSET=utf8 AUTO_INCREMENT=1 ;

-- --------------------------------------------------------

--
-- Estructura de tabla para la tabla `ps_warehouse_carrier`
--

CREATE TABLE IF NOT EXISTS `ps_warehouse_carrier` (
  `id_carrier` int(11) unsigned NOT NULL,
  `id_warehouse` int(11) unsigned NOT NULL,
  PRIMARY KEY (`id_warehouse`,`id_carrier`),
  KEY `id_warehouse` (`id_warehouse`),
  KEY `id_carrier` (`id_carrier`)
) ENGINE=InnoDB DEFAULT CHARSET=utf8;

-- --------------------------------------------------------

--
-- Estructura de tabla para la tabla `ps_warehouse_product_location`
--

CREATE TABLE IF NOT EXISTS `ps_warehouse_product_location` (
  `id_warehouse_product_location` int(11) unsigned NOT NULL AUTO_INCREMENT,
  `id_product` int(11) unsigned NOT NULL,
  `id_product_attribute` int(11) unsigned NOT NULL,
  `id_warehouse` int(11) unsigned NOT NULL,
  `location` varchar(64) DEFAULT NULL,
  PRIMARY KEY (`id_warehouse_product_location`),
  UNIQUE KEY `id_product` (`id_product`,`id_product_attribute`,`id_warehouse`)
) ENGINE=InnoDB DEFAULT CHARSET=utf8 AUTO_INCREMENT=1 ;

-- --------------------------------------------------------

--
-- Estructura de tabla para la tabla `ps_warehouse_shop`
--

CREATE TABLE IF NOT EXISTS `ps_warehouse_shop` (
  `id_shop` int(11) unsigned NOT NULL,
  `id_warehouse` int(11) unsigned NOT NULL,
  PRIMARY KEY (`id_warehouse`,`id_shop`),
  KEY `id_warehouse` (`id_warehouse`),
  KEY `id_shop` (`id_shop`)
) ENGINE=InnoDB DEFAULT CHARSET=utf8;

-- --------------------------------------------------------

--
-- Estructura de tabla para la tabla `ps_webservice_account`
--

CREATE TABLE IF NOT EXISTS `ps_webservice_account` (
  `id_webservice_account` int(11) NOT NULL AUTO_INCREMENT,
  `key` varchar(32) NOT NULL,
  `description` text,
  `class_name` varchar(50) NOT NULL DEFAULT 'WebserviceRequest',
  `is_module` tinyint(2) NOT NULL DEFAULT '0',
  `module_name` varchar(50) DEFAULT NULL,
  `active` tinyint(2) NOT NULL,
  PRIMARY KEY (`id_webservice_account`),
  KEY `key` (`key`)
) ENGINE=InnoDB  DEFAULT CHARSET=utf8 AUTO_INCREMENT=2 ;

--
-- Volcado de datos para la tabla `ps_webservice_account`
--

INSERT INTO `ps_webservice_account` (`id_webservice_account`, `key`, `description`, `class_name`, `is_module`, `module_name`, `active`) VALUES
(1, '7EGNY5BQZNG784RDRD54D1YX8VN7MWCG', '', 'WebserviceRequest', 0, NULL, 1);

-- --------------------------------------------------------

--
-- Estructura de tabla para la tabla `ps_webservice_account_shop`
--

CREATE TABLE IF NOT EXISTS `ps_webservice_account_shop` (
  `id_webservice_account` int(11) unsigned NOT NULL,
  `id_shop` int(11) unsigned NOT NULL,
  PRIMARY KEY (`id_webservice_account`,`id_shop`),
  KEY `id_shop` (`id_shop`)
) ENGINE=InnoDB DEFAULT CHARSET=utf8;

--
-- Volcado de datos para la tabla `ps_webservice_account_shop`
--

INSERT INTO `ps_webservice_account_shop` (`id_webservice_account`, `id_shop`) VALUES
(1, 1);

-- --------------------------------------------------------

--
-- Estructura de tabla para la tabla `ps_webservice_permission`
--

CREATE TABLE IF NOT EXISTS `ps_webservice_permission` (
  `id_webservice_permission` int(11) NOT NULL AUTO_INCREMENT,
  `resource` varchar(50) NOT NULL,
  `method` enum('GET','POST','PUT','DELETE','HEAD') NOT NULL,
  `id_webservice_account` int(11) NOT NULL,
  PRIMARY KEY (`id_webservice_permission`),
  UNIQUE KEY `resource_2` (`resource`,`method`,`id_webservice_account`),
  KEY `resource` (`resource`),
  KEY `method` (`method`),
  KEY `id_webservice_account` (`id_webservice_account`)
) ENGINE=InnoDB  DEFAULT CHARSET=utf8 AUTO_INCREMENT=16 ;

--
-- Volcado de datos para la tabla `ps_webservice_permission`
--

INSERT INTO `ps_webservice_permission` (`id_webservice_permission`, `resource`, `method`, `id_webservice_account`) VALUES
(6, 'carts', 'GET', 1),
(8, 'carts', 'POST', 1),
(7, 'carts', 'PUT', 1),
(9, 'carts', 'DELETE', 1),
(10, 'carts', 'HEAD', 1),
(1, 'cart_rules', 'GET', 1),
(3, 'cart_rules', 'POST', 1),
(2, 'cart_rules', 'PUT', 1),
(4, 'cart_rules', 'DELETE', 1),
(5, 'cart_rules', 'HEAD', 1),
(11, 'categories', 'GET', 1),
(13, 'categories', 'POST', 1),
(12, 'categories', 'PUT', 1),
(14, 'categories', 'DELETE', 1),
(15, 'categories', 'HEAD', 1);

-- --------------------------------------------------------

--
-- Estructura de tabla para la tabla `ps_web_browser`
--

CREATE TABLE IF NOT EXISTS `ps_web_browser` (
  `id_web_browser` int(10) unsigned NOT NULL AUTO_INCREMENT,
  `name` varchar(64) DEFAULT NULL,
  PRIMARY KEY (`id_web_browser`)
) ENGINE=InnoDB  DEFAULT CHARSET=utf8 AUTO_INCREMENT=12 ;

--
-- Volcado de datos para la tabla `ps_web_browser`
--

INSERT INTO `ps_web_browser` (`id_web_browser`, `name`) VALUES
(1, 'Safari'),
(2, 'Safari iPad'),
(3, 'Firefox'),
(4, 'Opera'),
(5, 'IE 6'),
(6, 'IE 7'),
(7, 'IE 8'),
(8, 'IE 9'),
(9, 'IE 10'),
(10, 'IE 11'),
(11, 'Chrome');

-- --------------------------------------------------------

--
-- Estructura de tabla para la tabla `ps_zone`
--

CREATE TABLE IF NOT EXISTS `ps_zone` (
  `id_zone` int(10) unsigned NOT NULL AUTO_INCREMENT,
  `name` varchar(64) NOT NULL,
  `active` tinyint(1) unsigned NOT NULL DEFAULT '0',
  PRIMARY KEY (`id_zone`)
) ENGINE=InnoDB  DEFAULT CHARSET=utf8 AUTO_INCREMENT=11 ;

--
-- Volcado de datos para la tabla `ps_zone`
--

INSERT INTO `ps_zone` (`id_zone`, `name`, `active`) VALUES
(1, 'Europa', 1),
(2, 'North America', 0),
(3, 'Asia', 0),
(4, 'Africa', 0),
(5, 'Oceania', 0),
(6, 'South America', 0),
(7, 'Europe (non-EU)', 0),
(8, 'Central America/Antilla', 0),
(9, 'Resto España', 1),
(10, 'Madrid y Barcelona', 1);

-- --------------------------------------------------------

--
-- Estructura de tabla para la tabla `ps_zone_shop`
--

CREATE TABLE IF NOT EXISTS `ps_zone_shop` (
  `id_zone` int(11) unsigned NOT NULL,
  `id_shop` int(11) unsigned NOT NULL,
  PRIMARY KEY (`id_zone`,`id_shop`),
  KEY `id_shop` (`id_shop`)
) ENGINE=InnoDB DEFAULT CHARSET=utf8;

--
-- Volcado de datos para la tabla `ps_zone_shop`
--

INSERT INTO `ps_zone_shop` (`id_zone`, `id_shop`) VALUES
(1, 1),
(2, 1),
(3, 1),
(4, 1),
(5, 1),
(6, 1),
(7, 1),
(8, 1),
(9, 1),
(10, 1);

-- --------------------------------------------------------

--
-- Estructura de tabla para la tabla `vista_clientes_direcciones`
--

CREATE TABLE IF NOT EXISTS `vista_clientes_direcciones` (
  `id_cliente` int(10) unsigned DEFAULT NULL,
  `clien_nombre` varchar(255) DEFAULT NULL,
  `clien_apellidos` varchar(255) DEFAULT NULL,
  `email` varchar(128) DEFAULT NULL,
  `password` varchar(60) DEFAULT NULL,
  `fecha_nac` varchar(24) DEFAULT NULL,
  `clien_activo` tinyint(1) unsigned DEFAULT NULL,
  `fecha_alta` varchar(24) DEFAULT NULL,
  `fecha_mod` varchar(24) DEFAULT NULL,
  `id_direccion` int(10) unsigned DEFAULT NULL,
  `dir_nombre` varchar(255) DEFAULT NULL,
  `dir_apellidos` varchar(255) DEFAULT NULL,
  `empresa` varchar(255) DEFAULT NULL,
  `direccion1` varchar(128) DEFAULT NULL,
  `direccion2` varchar(128) DEFAULT NULL,
  `cpostal` varchar(12) DEFAULT NULL,
  `poblacion` varchar(64) DEFAULT NULL,
  `estado` varchar(64) DEFAULT NULL,
  `telefono1` varchar(32) DEFAULT NULL,
  `pais_iso` varchar(3) DEFAULT NULL,
  `pais` varchar(64) DEFAULT NULL,
  `telefono2` varchar(32) DEFAULT NULL,
  `dnicif` varchar(16) DEFAULT NULL,
  `dir_fecha_alta` varchar(24) DEFAULT NULL,
  `dir_fecha_mod` varchar(24) DEFAULT NULL
) ENGINE=InnoDB DEFAULT CHARSET=latin1;

-- --------------------------------------------------------

--
-- Estructura de tabla para la tabla `vista_cobros`
--

CREATE TABLE IF NOT EXISTS `vista_cobros` (
  `id_order_payment` int(11) DEFAULT NULL,
  `order_reference` varchar(9) DEFAULT NULL,
  `id_currency` int(10) unsigned DEFAULT NULL,
  `amount` decimal(13,2) DEFAULT NULL,
  `payment_method` varchar(255) DEFAULT NULL
) ENGINE=InnoDB DEFAULT CHARSET=latin1;

-- --------------------------------------------------------

--
-- Estructura de tabla para la tabla `vista_linpedidos`
--

CREATE TABLE IF NOT EXISTS `vista_linpedidos` (
  `id_pedido_lin` int(10) unsigned DEFAULT NULL,
  `id_producto` varchar(200) DEFAULT NULL,
  `cantidad` int(10) unsigned DEFAULT NULL,
  `pvp` decimal(23,6) DEFAULT NULL,
  `dto` decimal(13,2) DEFAULT NULL,
  `contador_web` int(10) unsigned DEFAULT NULL,
  `referencia_hijo` varchar(32) DEFAULT NULL
) ENGINE=InnoDB DEFAULT CHARSET=latin1;

-- --------------------------------------------------------

--
-- Estructura de tabla para la tabla `wp_opiniones_clientes`
--

CREATE TABLE IF NOT EXISTS `wp_opiniones_clientes` (
  `id_opinion` int(11) NOT NULL AUTO_INCREMENT,
  `parent` int(11) NOT NULL,
  `active` int(11) NOT NULL,
  `fecha` timestamp NOT NULL DEFAULT CURRENT_TIMESTAMP,
  `nombre` varchar(200) NOT NULL,
  `apellidos` varchar(200) NOT NULL,
  `valoracion` int(11) NOT NULL,
  `observaciones` text NOT NULL,
  `id_category` int(11) NOT NULL,
  `id_store` int(11) NOT NULL,
  PRIMARY KEY (`id_opinion`)
) ENGINE=MyISAM  DEFAULT CHARSET=latin1 AUTO_INCREMENT=423 ;

--
-- Volcado de datos para la tabla `wp_opiniones_clientes`
--

INSERT INTO `wp_opiniones_clientes` (`id_opinion`, `parent`, `active`, `fecha`, `nombre`, `apellidos`, `valoracion`, `observaciones`, `id_category`, `id_store`) VALUES
(214, 0, 1, '2015-07-08 20:00:00', 'Xavier', 'Montserrat Mayor', 5, 'Todo correcto pero deberían mejorar la comunicación a la hora de la entrega, debían venir a una hora y llegaron a las 20:30h.', 13, 1),
(106, 105, 1, '2015-05-18 20:00:00', 'Dicoro', '', 5, 'Muchas gracias por tu valoración Jose Carlos, y realmente tratamos de dar respuesta a todos los emails que recibimos diariamente con la mayor brevedad posible.\r\n\r\nPara la próxima vez que veas que no respondemos en el tiempo que consideras adecuado, te invitamos a que nos escribas por el chat de la web para poder ver en tiempo real en qué punto está la gestión en concreto, y agilizar el proceso si fuera necesario.\r\n\r\n¡Gracias por tu opinión!', 28, 5),
(105, 0, 1, '2015-05-18 20:00:00', 'Jose Carlos', 'De Gracia Martos', 5, 'Los productos que tienen en la tienda están a muy buen precio, compré unas sillas para el comedor y no tengo ninguna queja.\r\n\r\nLo que sí debería mejorarse es el hecho de que no siempre se contestan todos los mails que les he enviado. Sería de agradecer que lo hicieran.', 28, 5),
(104, 103, 1, '2015-05-18 20:00:00', 'Dicoro', '', 5, 'Muchas gracias por tu valoración Pilar. Tomamos buena nota de tu propuesta, y mientras mejoramos el sistema nos gustaría decirte que para próximas compras puedes llamarnos o bien escribirnos por el chat de la web el mismo día de la entrega para que podamos facilitarte el número de teléfono del montador asociado a tu ruta y así saber de primera mano la hora aproximada de entrega con mayor precisión.\r\n\r\n¡Muchas gracias por la propuesta, y tomamos nota Pilar!', 34, 5),
(103, 0, 1, '2015-05-18 20:00:00', 'Pilar', 'Ruiz-Ruano Montes', 5, 'Estoy muy satisfecha con la compra, aunque como punto de mejora considero que una vez determinado el día de entrega sería necesario determinar una hora más precisa. En mi caso estuve esperando hasta las 18:30h a que llegaran, sin saber a qué hora sería la entrega. Por lo demás estoy encantada con los taburetes.', 34, 5),
(118, 117, 1, '2015-05-06 20:00:00', 'Dicoro', '', 5, 'Sentimos mucho el descuido y aprovechamos para agradecer ante todo su confianza. Descuide que haremos llegar sus bonitas palabras a David para que pueda recibir de primera mano su comentario, a buen seguro le ilusiona saber que salió satisfecho con su trato.\r\n\r\n¡En Dicoro le esperamos cuando guste dispuestos a dar lo mejor de nosotr@s mismos!', 11, 4),
(121, 0, 1, '2015-04-28 20:00:00', 'Efren', 'Lopez Gonzalez', 5, 'Me atendieron muy bien en la tienda, el armario perfecto y el trato fue muy servicial.', 12, 3),
(122, 121, 1, '2015-04-28 20:00:00', 'Dicoro', '', 5, 'Muchas gracias Efren, qué más podemos pedir que tenerle de vuelta cuando vuelva a necesitar amueblar su piso o busque algunos complementos decorativos bonitos.\r\n\r\n¡Nos encantó tenerle en Montigalá!', 12, 3),
(124, 123, 1, '2015-05-24 20:00:00', 'Dicoro', '', 5, 'Tiene razón Pedro, hemos tenido ciertos problemas con su pedido en concreto y eso nos ha hecho demorar el montaje final más de lo que hubiéramos deseado todos. Nosotros porque hubiera quedado totalmente satisfecho, y usted porque hubiera tenido antes el producto finalizado.\r\n\r\nSon este tipo de incidencias las que nos hacen crecer como empresa y mejorar aquellos detalles en los que no hemos dado el servicio que esperamos.\r\n\r\n¡Agradecemos enormemente su paciencia y su confianza!', 6, 1),
(126, 125, 1, '2015-04-16 20:00:00', 'Dicoro', '', 5, 'Muchas gracias Encarnación por su tiempo y valoración del servicio de toma de medidas. Esperamos pueda finalizar pronto su pedido y que quede igual o más satisfecha todavía con su compra.\r\n\r\n¡La esperamos muy pronto!', 6, 5),
(127, 0, 1, '2015-04-22 20:00:00', 'MªRosa', 'Zarzoso Tache', 5, 'Me gusta mucho el diseño que tienen los muebles, y por eso soy clienta vuestra. No os considero ni mejores ni peores, una opción más cuando tengo que comprar muebles para casa que hasta ahora no me ha dado problemas.', 6, 3),
(132, 0, 1, '2015-04-23 20:00:00', 'Angel', 'Guerra Martin', 5, 'Problemas no he tenido ninguno, pero sí que es un engorro a veces no poder retirar el producto directamente en la tienda y tener que acudir al almacén a recogerlo o bien contratar el transporte y montaje a domicilio.\r\n\r\nRealmente sería muy interesante poder llevarse las compras desde la propia tienda.', 24, 5),
(134, 0, 1, '2015-04-16 20:00:00', 'Raul', 'Castellanos Cabanillas', 1, 'Como aspectos positivos destacaría la amabilidad y atención de los trabajadores de la tienda. Pero veo inadecuado tener que pagar las compras por adelantado, pues en caso de imprevisto me vería obligado a no comprar más y hacer publicidad negativa de la misma conforme sus servicios son inadecuados.\r\n\r\nTambién tuve un problema con el montaje porque faltaba algún material en la entrega inicial.', 6, 5),
(135, 134, 1, '2015-04-16 20:00:00', 'Dicoro', '', 5, 'Sentimos la incidencia que hemos experimentando con su caso, pues trabajamos para minimizar los errores y conseguir así que nuestros clientes estén satisfechos con sus compras.\r\n\r\nAcerca de la cuestión de hacer un pago anticipado, nos vemos en la obligación de hacerlo así para proyectos a medida. Aun así valoraremos vías alternativas de poder ofrecer un servicio que se adapte mejor a sus intereses y comodidad.\r\n\r\n¡Valoramos mucho su opinión, gracias!', 6, 5),
(137, 136, 1, '2015-04-22 20:00:00', 'Dicoro', '', 5, 'Muchas gracias por su valoración Mónica, y recuérdenos este mensaje cuando vuelva a ver si podemos ofrecerle algún descuento o sorpresa por ser tan buena clienta.\r\n\r\n¡Gracias por su confianza!', 52, 3),
(139, 0, 1, '2015-04-22 20:00:00', 'Miriam', 'Muñoz Quinto', 4, 'Se debería mejorar el tiempo de creación/envío del producto. 6 semanas para fabricar y enviarnos el sofá se nos hice muy largo, y si no hubiéramos tenido ya sofá en casa podríamos no haberos comprado uno. Creo que es un factor muy importante.\r\n\r\nSobre el producto, el montaje fue algo desorganizado pero el sofá ha llegado tal y como lo pedí y en perfecto estado, así que en ese sentido no tengo ninguna queja.', 7, 3),
(142, 141, 1, '2015-04-29 20:00:00', 'Dicoro', '', 5, 'Sentimos los inconvenientes ocasionados Ingrid, este no ha sido nuestro mejor servicio y esperamos pueda comprender también nuestra rabia por no haber cumplido con sus expectativas.\r\n\r\nPese a todo, esperamos seguir contando con su confianza y dejarnos demostrarle que estas incidencias con su sofá no se repetirán en ninguna otra compra.', 51, 3),
(144, 143, 1, '2015-04-20 20:00:00', 'Dicoro', '', 5, 'Gracias por su comentario Raúl, cualquier detalle nos hace mejorar se lo aseguramos.\r\n\r\nSobre sus dudas e incidencias, decirle que en el caso de los espejos ya vienen los productos montados y tan solo debe colgarlo o depositarlo allí donde más le guste en su hogar.\r\n\r\nY finalmente decirle que no es necesario llamar a un 902 para ponerse en contacto con nosotros y gestionar cualquier duda que pueda tener. Disponemos de estos dos teléfonos de atención al cliente: 91-651-46-80 / 93-700-11-01\r\n\r\n¡Gracias por su compra online y esperamos volver a tenerle como cliente en el futuro Raúl!', 17, 2),
(145, 0, 1, '2015-04-20 20:00:00', 'Francisco Javier', 'Alonso Martin', 4, 'En general estoy satisfecho con la compra, pero creo también que se podría mejorar mucho en los tiempos de entrega, pues cuando no tienen en stock se hacen las esperas muy largas, excesivas para muebles estándar.', 44, 1),
(151, 150, 1, '2015-04-08 20:00:00', 'Dicoro', '', 5, 'Muchas gracias Marta por tus comentarios, y nos encanta saber que el trato del personal de Montigalá es tan especial para ti. Trasladaremos tu mensaje a todo el equipo de esa tienda, ¡no dudes que se van a alegrar tod@s!\r\n\r\nSobre el asunto del stock, es uno de los puntos de mejora que más estamos valorando a nivel corporativo. Sabemos de la importancia que tiene para vosotros poder llevaros ciertos productos en el momento, y estamos intentando hacerlo posible a nivel logístico. ¡Esperamos daros buenas noticias en el futuro Marta!', 4, 3),
(152, 0, 1, '2015-04-15 20:00:00', 'Francisco Javier', 'Diaz Salazar', 5, 'Estoy muy satisfecho con la compra, siempre voy a Ikea y Dicoro cuando quiero mirar muebles.\r\n\r\nAun así, un punto a mejorar sería que se pudieran modificar algunos cambios en el montaje final de muebles por motivos de espacio.', 26, 1),
(153, 152, 1, '2015-04-15 20:00:00', 'Dicoro', '', 5, 'Muchas gracias por su opinión Francisco Javier, y sobre las modificaciones en el montaje final, hay productos que no podemos modificar y otros que sí se pueden hacer a medida.\r\n\r\n¡A buen seguro encontramos uno que se adapte a su espacio en su próxima visita por tienda!', 26, 1),
(155, 154, 1, '2015-04-16 20:00:00', 'Dicoro', '', 5, '¡Pues a disfrutar del sofá, Roser!\r\n\r\nMuchas gracias por su compra, y la esperamos pronto de vuelta.', 52, 3),
(157, 156, 1, '2015-04-08 20:00:00', 'Dicoro', '', 5, '¡A disfrutar de su colchón Margarita para tener el mejor descanso!\r\n\r\nRealmente el Ergoos Therapy que compró da muy buenos resultados por lo que nos comentan nuestros clientes.\r\n\r\n¡Hizo una gran elección!', 44, 1),
(159, 158, 1, '2015-03-17 22:00:00', 'Dicoro', '', 4, 'No sabe cuánto sentimos el inconveniente Antoni. Reconocemos que no fue nuestro mejor servicio y que la lejanía de Solsona respecto a nuestra tienda en Badalona supuso en algún momento un problema logístico que le perjudicó en tiempos de entrega.\r\n\r\nSu caso ha sido tratado en reuniones del equipo de logística y entregas para tratar de sentar un precedente sobre el que todos aprender y mejorar.\r\n\r\n¡Muchas gracias por su paciencia y su confianza, para cuando vuelva esperamos tener varias mejoras preparadas!', 6, 3),
(161, 160, 1, '2015-04-06 20:00:00', 'Dicoro', '', 5, 'Nada nos alegra más que ver que decidió amueblar gran parte de su casa con el sello de Dicoro y que todo el proceso cumpliera con sus expectativas y exigencia de calidad.\r\n\r\n¡Muchas gracias en nombre de todo el equipo!', 26, 3),
(163, 162, 1, '2015-04-01 20:00:00', 'Dicoro', '', 5, 'Vaya, sentimos que no recibiera una llamada avisando de nuestra llegada. Siempre lo hacemos una hora antes aproximadamente para todas las entregas o desplazamientos.\r\n\r\nInvestigaremos el motivo por el que en su caso concreto no pudimos contactar con usted antes de desplazarnos.\r\n\r\n¡Gracias por su confianza!', 31, 1),
(164, 147, 1, '2015-05-20 20:00:00', 'Dicoro', '', 3, 'Gracias por su valoración Vanessa, estamos investigando su caso concreto para darle una respuesta adecuada a su situación. ¡La mantenemos informada!', 12, 1),
(166, 165, 1, '2015-04-06 20:00:00', 'Dicoro', '', 5, 'Sin duda Victoria, su proyecto fue precioso y el armario quedó genial.\r\n\r\n¡Agradecemos mucho que nos haya escrito para compartir su opinión, nos enorgullece verla tan satisfecha!', 12, 1),
(168, 167, 1, '2015-03-24 22:00:00', 'Dicoro', '', 4, 'Muchas gracias Silvia por compartir su experiencia con nosotros. Ahora mismo llamaremos a Xavi para felicitarle por la atención que le dispensó.\r\n\r\nPor otra parte, miraremos qué pudo ocurrir para que no fuera hasta los últimos montadores en que quedó realmente satisfecha con el resultado.\r\n\r\nNos ha ayudado mucho con su opinión. ¡Muchas gracias!', 52, 3),
(170, 169, 1, '2015-04-01 20:00:00', 'Dicoro', '', 5, 'Muchas gracias Maria Teresa por su comentario, nos encanta tenerla de clienta y es una alegría verla entrar cada vez que viene a nuestra tienda de Sant Boi.\r\n\r\n¡Esperamos seguir contando con su confianza por muchos años!', 24, 1),
(173, 0, 1, '2015-03-19 22:00:00', 'Jose Manuel', 'Lopez Lopez', 5, 'En mi caso compré un sofá, y todo fue bien. Me gustaría decir, eso sí, que se debería concretar más una hora de entrega, no puedes perder toda la mañana esperando a ver a qué hora te lo traen.', 52, 3),
(174, 173, 1, '2015-03-01 22:00:00', 'Dicoro', '', 5, 'Muchas gracias Jose Manuel por su feedback.\r\n\r\nSi tiene un horario apretado con el tiempo, le invitamos a que nos escriba por el chat de la web o bien nos llame a cualquiera de los teléfonos de atención al cliente el mismo día del montaje para que podamos darle el móvil del montador y así tener una idea más precisa de la hora de entrega aproximada. Aun así, intentaremos mejorar nuestro sistema de comunicación para que nuestros clientes tengan mayor información en todo momento del estado de su pedido.\r\n\r\n¡Muchas gracias por confiar en nosotros, nos ha ayudado mucho seguir mejorando!', 52, 3),
(176, 175, 1, '2015-03-23 22:00:00', 'Dicoro', '', 5, '¡Todo suma! Si le queda nuestra tienda de Montigalá cerca mejor que mejor.\r\n\r\nNos alegramos de que haya quedado satisfecha con su armario. ¡La esperamos pronto Gemma!', 13, 3),
(178, 177, 1, '2015-03-30 20:00:00', 'Dicoro', '', 5, 'Tomamos buena nota de su incidencia Rosa María, e investigaremos cuáles fueron los montadores con los que no quedó satisfecha inicialmente con su servicio para que no se vuelva a repetir.\r\n\r\nMuchas gracias por su opinión, de este modo nos sirva para seguir mejorando día a día nuestro servicio y la atención y calidad que tratamos aportar a todos nuestros clientes.', 6, 3),
(179, 148, 1, '2015-05-07 20:00:00', 'Dicoro', '', 5, 'Muchas gracias Francisco por su confianza, y tomamos buena nota de su recomendación. Aprendemos día a día de valoraciones como la tuya, e intentamos mejorar el servicio que ofrecemos durante todo el proceso de compra y entrega.\r\n\r\n¡Esperamos tener resuelto este aspecto para su próxima compra Francisco!', 17, 2),
(183, 182, 1, '2015-08-16 20:00:00', 'Dicoro', '', 5, 'Muchas gracias María Isabel por tu comentario, y estamos encantados de haber pasado a ser una opción más en tu abanico de posibilidades :)\r\n\r\n¡Ahora trabajaremos para ganarnos ser su primera opción!', 16, 3),
(46, 0, 1, '2015-03-12 22:00:00', 'Gemma', 'Alvarez Planas', 5, 'En positivo: Cumplieron con las fechas de entrega y la atención en la tienda fue impecable. Mejorable: Reducir plazos de entrega y no tener que abonar la totalidad del pedido antes de su recepción.', 13, 3),
(47, 0, 1, '2015-03-19 22:00:00', 'Luz', 'Adriana', 5, 'Buscando en Google encontré esta tienda y he comprado varias cosas para casa desde entonces. No tengo ninguna queja del servicio, y la calidad-precio de los productos es lo que valoro más.', 21, 3),
(48, 0, 1, '2015-03-12 22:00:00', 'Domingo', 'Antonio Pais', 3, 'Nos dijeron al hacer la compra el viernes 13 que vendría el lunes siguiente día 16, pero nos llamaron tras la compra para decirnos que no lo podrían entregar hasta el jueves 19. Les pedimos que fuese a mediodía y tampoco pudo ser.\r\n\r\nEn mi opinión, lo primero en un negocio es que tengan palabra con lo acordado.', 24, 1),
(49, 0, 1, '2015-03-18 22:00:00', 'Maria', 'Francisco Codinach', 5, 'Dicoro no es Ikea, pero siempre me gusta pasarme a ver qué tienen nuevo cuando compro muebles o complementos para casa.\r\n\r\nLa cocina que compré me gusta, pero es muy mejorable la comunicación con el cliente, me ha costado mucho poder contactar con el departamento correspondiente durante el periodo de compra e instalación.\r\n\r\nDicoro me gusta más que otras tiendas de muebles, pero la comunicación en mi caso podría haber sido mejor y, sobre todo, más directa.', 30, 1),
(51, 0, 1, '2015-03-12 22:00:00', 'Monica', 'Perez Represa', 5, 'Me gusta el diseño y la calidad de los muebles que compré para el salón. Una entrega y trato como tendría que ser siempre: fácil y rápido.', 27, 5),
(52, 0, 1, '2015-03-11 22:00:00', 'Walter', 'Silupu Hinostroza', 5, 'Compré un conjunto de colchón y canapé abatible y lo cierto es que no hubo ninguna complicación. El trato en tienda fue correcto y profesional, y el resultado de la compra es muy bueno.', 44, 3),
(53, 0, 1, '2015-02-12 22:00:00', 'Antonio', 'Vidaña Aguilera', 3, 'Soy cliente habitual y algo en que creo podría mejorar Dicoro es en los tiempos de entrega a la hora de servir el producto. He tenido la impresión de que comerciales y montadores no estaban bien sincronizados.\r\n\r\nEl outlet tiene muy buenos precios.', 51, 4),
(54, 0, 1, '2015-03-04 22:00:00', 'Piedad', 'Girones Sanchez', 5, 'La tienda de Madrid me ha encantado, es como un mini Ikea decorado con muy buen gusto.\r\n\r\nNuestra compra fue perfecta, nos propusieron muchas facilidades para el porte y montaje, se adecuaron a nuestro horario y nos hicieron la entrega muy rápido.\r\n\r\nLo único negativo es que el precio de algunos artículos no aparecía y tuvimos que dirigirnos al personal. Todo lo demás, fenomenal.', 21, 5),
(55, 0, 1, '2015-02-26 22:00:00', 'Silvia', 'Ballesteros Manzanares', 5, 'Me quedo con la atención de los comerciales de la tienda, sin lugar a dudas.', 36, 1),
(58, 0, 1, '2015-02-17 22:00:00', 'Jessica', 'Moreno Galbarro', 5, 'Compré un armario personalizado con varios complementos y quedó fenomenal. También las mesitas de noche vinieron en perfecto estado.\r\n\r\nLas veces que he ido a comprar a Dicoro he notado que el mimo por tener cuidadas las instalaciones es máximo, todo esta muy bien organizado y con una decoración muy trabajada.', 12, 3),
(59, 0, 1, '2015-02-22 22:00:00', 'Maria Jesus', 'Alvarez', 5, 'A los señores de Dicoro les recomendaría ampliar el personal que tienen en la tienda de San Sebastián de los Reyes, pues tuve que esperar turno para ser atendida por los comerciales.\r\n\r\nTambién se podría incluir más información en las descripciones de los productos de la tienda, así también necesitaríamos preguntar en menos ocasiones a los comerciales.\r\n\r\nFinalmente, he de decir que la compra ha sido muy satisfactoria, y que pese a los puntos de mejora expuestos, cumplen con las fechas acordadas y el servicio es bueno.', 8, 5),
(60, 0, 1, '2015-02-24 22:00:00', 'Francisco', 'Alberto Galvan', 2, 'No tuvimos una buena experiencia con el trato dispensado. Creo que deberían tratar mejor a los clientes además de asesorarlos bien para que no tengan problemas.', 13, 3),
(61, 0, 1, '2015-02-24 22:00:00', 'Carmen', 'Domingo Garcia', 5, 'He comprado muchísimas veces ya en el Dicoro de Badalona, y jamás he tenido problema alguno.\r\n\r\nRespecto el centro de Montigalá, creo que se podría mejorar el mostrador de atención, pues cuando uno llega no sabe muy bien a dónde dirigirse.', 24, 1),
(62, 0, 1, '2015-02-24 22:00:00', 'Joan', 'Julibert Munne', 5, 'La calidad/precio es muy buena, aunque trataría de mejorar los plazos de entrega de algún producto porque sino no los voy a comprar nunca.\r\n\r\nTener stock en las tiendas sería básico para hacer la compra más satisfactoria y directa. Pero no todo es malo, la atención telefónica he de decir que fue muy correcta y educada.\r\n\r\nEn general estoy satisfecho con la compra.', 3, 2),
(63, 0, 1, '2015-02-24 22:00:00', 'Joaquin', 'Lahoz Ferrari', 5, 'La estética de los productos me gusta, compré un sinfonier y una mesita de noche y estoy contento con el resultado. También instalé una habitación completa y fue todo bien.\r\n\r\nHay algunos puntos a mejorar y pulir, supongo que como en todas estas tiendas de muebles. Pero el servicio es bueno.', 18, 1),
(64, 0, 1, '2015-02-19 22:00:00', 'Norma', 'Navalon Rodriguez', 5, 'Me gusta la seriedad con la que trabajan los empleados y montadores.\r\n\r\nComo punto de mejora sería el tema de los costes de envío, me parece que un 10% para según qué compras puede ser excesivo. Debería haber un máximo.', 7, 3),
(66, 0, 1, '2015-01-22 22:00:00', 'Raúl', 'Vela Martinez', 3, 'Conocí Dicoro por internet y hasta ahí todo bien. El problema lo tuve con atención telefónica, que te dan largas para solucionar los problemas y tienes que volver a llamar para que te atiendan.\r\n\r\nSería recomendable que comprobaran los paquetes antes de ir a recoger el pedido, porque así no faltarían piezas y no habría que gestionar incidencias. Todos tendríamos la vida más fácil.', 33, 3),
(67, 0, 1, '2015-02-16 22:00:00', 'Sonia', 'Aparicio Perez', 5, '¡Todo fue perfecto, tanto en tienda como el montaje!', 51, 5),
(68, 0, 1, '2015-02-19 22:00:00', 'Eduardo', 'Ortiz González', 4, 'Buscando en Google me encontré con Dicoro, y lo cierto es que todo fue muy bien en referencia a la compra.\r\n\r\nPero lo que no me parece adecuado es que cobren el transporte de cada compra que se haga, aunque se quieran amueblar dos habitaciones diferentes el mismo día.', 49, 3),
(180, 0, 1, '2015-04-11 20:00:00', 'Alicia', 'Pineda', 5, 'Es la primera vez que compro en Dicoro y tenía algo de miedo porque había visto comentarios negativos en internet, pero debo decir que desde los comerciales a los montadores se portaron genial. Compré una habitación para mi hija y no he tenido problemas, como mínimo en mi caso particular.', 6, 5),
(181, 180, 1, '2015-04-11 20:00:00', 'Dicoro', '', 5, '¡Muchas gracias por compartir con nosotros tu experiencia!\r\n\r\nNos encanta saber que la habitación para tu hija ha quedado tal y como esperabas, y esperamos verte pronto por nuestra tienda de San Sebastián de los Reyes.\r\n\r\n¡Te esperamos!', 6, 5),
(70, 0, 1, '2015-02-16 22:00:00', 'Federico', 'Gordo Garcia', 5, 'Me gusta la decoración de la tienda de Sant Boi y los productos son buenos.\r\n\r\nEl problema es que no hay stock en tienda y cuando te interesa un producto tienes que buscar a un comercial o rehacer el camino hasta recepción para preguntar. Ampliar plantilla no les vendría mal para como mínimo tener una persona a la que acudir en cada sección. Por otra parte, los gastos de envío los veo exagerados para productos que no requieren montaje.', 17, 1),
(71, 0, 1, '2015-02-16 22:00:00', 'Caterina', 'Espinet Borràs', 4, 'Soy una clienta habitual y en general estoy satisfecha con Dicoro.\r\n\r\nLa peor parte, en mi opinión, es el transporte. En mi caso los transportistas fueron quienes montaron el sofá y no los instaladores. Eso al final se nota porque cometen errores en el montaje muy básicos, como poner las patas del sofá del revés. Suerte que mi marido advirtió el error. Deberían ser instaladores y no transportistas quienes monten los muebles.', 7, 3),
(72, 0, 1, '2015-05-27 20:00:00', 'Rocio', 'Pando Cervilla', 5, 'Me gustan los productos de Dicoro, y el sofá que compré también está genial. Eso sí, los transportistas me llamaron 7 veces porque son de fuera y no se enteran de la ruta.\r\n\r\nTambién debería mejorarse el tiempo de espera en la tienda para ser atendidos cuando estás interesada en algún producto.', 50, 3),
(73, 0, 1, '2015-02-12 22:00:00', 'Raul', 'Rodriguez Najar', 5, 'Estupenda compra.', 51, 1),
(74, 0, 1, '2015-02-12 22:00:00', 'Nuria', 'Castillo Tapies', 5, 'El sofá cama que compré está perfecto, fue un gran descubrimiento esta tienda.', 7, 3),
(75, 0, 1, '2015-02-03 22:00:00', 'Cristina', 'Arjona Moreno', 5, 'Buscaba en internet un sillón reclinable y me gustaron los que había en la web. Estoy satisfecha con la compra, aunque tardó un poquito más de lo que me hubiera gustado el sillón en llegar.', 48, 3),
(76, 0, 1, '2015-01-27 22:00:00', 'Lidia', 'Izquierdo Clavero', 3, 'Me gusta Dicoro porque los productos no son caros, pero los muebles que compré llegaron defectuosos y tuve que esperar a que volvieran a cambiarme los muebles. Si revisaran los muebles antes de hacer rutas esto no pasaría...', 26, 5),
(79, 0, 1, '2015-01-06 22:00:00', 'Josep Maria', 'May Poveda', 5, 'De momento no tengo ninguna queja en mis compras con Dicoro.\r\n\r\nDestacaría positivamente la simpatía de las chicas del mostrador, y como puntos a mejorar tal vez reforzaría con más personal la zona de exposición.', 33, 3),
(78, 0, 1, '2015-05-27 20:00:00', 'Luis Miguel', 'Soriano Cortés', 4, 'Os conocí por internet, y de Dicoro me quedo con el precio y la atención de sus vendedores. Sin embargo, el transporte y el montaje es lento y no demasiado pulidos en el montaje.\r\n\r\nCuando no hay stock el tiempo de espera hasta servir los muebles se hace excesivamente largo.', 26, 1),
(80, 0, 1, '2015-02-04 22:00:00', 'Jaume', 'Montañes Biosca', 4, 'Los productos y el precio están bien, y las instalaciones son muy bonitas y limpias, pero yo quería que me hicieran la entrega por la tarde y tuve finalmente que ausentarme del trabajo 3 horas para poder recibir a los montadores por la mañana.\r\n\r\nDemuestra que hay poca flexibilidad con los horarios, como mínimo en mi caso.', 7, 3),
(81, 0, 1, '2015-01-26 22:00:00', 'Albert', 'Ferrandiz Marin', 5, 'Sin problemas, el sofá está en perfectas condiciones y estamos muy satisfechos con la compra.', 52, 1),
(83, 0, 1, '2015-02-16 22:00:00', 'Monica', 'Puig Costa', 5, 'Descubrí Dicoro por internet, aunque lo que más me ha sorprendido es que el personal en tienda es súper atento, mucho más de lo que se acostumbra a ver en cualquier tienda (de muebles o no).\r\n\r\nNo tengo ninguna queja, todo ha ido muy bien siempre.', 21, 3),
(84, 0, 1, '2015-01-26 22:00:00', 'Rebeca', 'Lopez Benito', 5, 'La compra me llegó con mucha rapidez, y todo el personal con el que traté en la tienda se portó muy bien.\r\n\r\nCreo que el 10% por traer y montar el sofá es un servicio que tendría que ser gratuito.', 51, 3),
(85, 0, 1, '2015-01-22 22:00:00', 'Anna', 'Morancho Retana', 4, 'Los productos y el precio son muy buenos.\r\n\r\nMi problema vino con la entrega, pues se programó por la mañana y no me trajeron los muebles hasta la tarde. Eso provoca que perdamos el tiempo esperando, cancelemos planes y demás molestias. Además, nadie me avisó de que había ese retraso, y no cuesta nada llamar para avisar y evitar la molestia, hay que atender mejor al cliente...', 27, 3),
(87, 0, 1, '2015-01-15 22:00:00', 'Mercedes', 'Perez Azañon', 2, 'Es la primera vez que compro y no estoy satisfecha. La entrega se hizo a medias por no verificar que estuvieran todas las piezas, y he tenido que esperar a que me vuelvan a traer lo que faltaba de proveedor.\r\n\r\nCoordinación tienda-almacén muy mala.', 15, 3),
(88, 0, 1, '2015-01-14 22:00:00', 'Pilar', 'Sanchez Garcia', 5, 'Me quedo con la calidad/precio de Dicoro, pero encuentro excesivo tener que pagar 30€ para retirar el sofá antiguo cuando les estás comprando uno.', 49, 5),
(90, 46, 1, '2015-03-12 22:00:00', 'Dicoro', '', 5, 'Muchas gracias por tu valoración Gemma. Apreciamos mucho tu tiempo y sobre todo las propuestas de mejora que nos planteas.\r\n\r\n¡Lo tendremos en cuenta!', 13, 3),
(91, 47, 1, '2015-03-19 22:00:00', 'Dicoro', '', 5, 'Muchísimas gracias Luz por tu feedback.\r\n\r\n¡Nos hace muchísima ilusión verte tan contenta con tu compra!', 21, 3),
(92, 48, 1, '2015-03-12 22:00:00', 'Dicoro', '', 5, 'Sentimos la demora Domingo, puntualmente debemos retrasar alguna entrega por demoras de proveedor o bien por incidentes con las rutas previstas.\r\n\r\n¡Esperamos verte próximamente por aquí y que disfrutes de una experiencia de compra mejor!', 24, 1),
(93, 49, 1, '2015-03-18 22:00:00', 'Dicoro', '', 5, 'Sin duda María, día a día aprendemos de todos vuestros comentarios y valoraciones. Trabajamos por intentar pulir estos errores que puedan causaros molestias.\r\n\r\n¡Trabajaremos para darle el mejor servicio posible en su próxima visita!', 30, 1),
(94, 50, 1, '2015-02-04 22:00:00', 'Dicoro', '', 5, 'Muchas gracias Sheila, pasaremos buena nota a todo el equipo que trabaja diariamente el Sant Boi para ofrecer el mejor trato y servicio a nuestros clientes.\r\n\r\n¡Estamos encantados de que se sintiera a gusto en nuestra tienda!', 49, 1),
(95, 51, 1, '2015-03-12 22:00:00', 'Dicoro', '', 5, 'Gracias Mónica, nada nos enorgullece más que una clienta satisfecha.\r\n\r\n¡Nos alegramos de que su compra fuera gratificante!', 27, 5),
(96, 52, 1, '2015-03-11 22:00:00', 'Dicoro', '', 5, 'Muchas gracias Walter por tu tiempo para darnos tu opinión.\r\n\r\nNuestra razón de ser es que los clientes os sintáis a gusto en nuestras tiendas y tengáis los productos en vuestros hogares tan pronto como nos sea posible.\r\n\r\n¡Esperamos volver a verte por aquí en el futuro!', 44, 3),
(97, 53, 1, '2015-02-12 22:00:00', 'Dicoro', '', 5, 'Gracias Antonio por tu valoración, y nos seguiremos esforzando por mejorar la comunicación interna y hacerle cambiar de opinión en su próxima visita a nuestra tienda o al outlet de Ripollet.\r\n\r\n¡Gracias por compartir con nosotros su opinión!', 51, 4),
(98, 54, 1, '2015-03-04 22:00:00', 'Dicoro', '', 5, 'Muchísimas gracias Reyes por este comentario tan positivo, trasladaremos sin duda su opinión a todo el equipo de trabajadores de la tienda de San Sebastián de los Reyes.\r\n\r\n¡Ah! Y tomamos buena nota de ese punto de mejora en lo referente a los precios y detalles de ciertos productos.\r\n\r\n¡Esperamos tenerlo corregido para su próxima visita!', 21, 5),
(99, 55, 1, '2015-02-26 22:00:00', 'Dicoro', '', 5, 'Muchas gracias Silvia, pues haremos llegar ahora mismo tu mensaje al equipo de Sant Boi.\r\n\r\n¡Seguro que les alegras el día a tod@s!', 36, 1),
(100, 56, 1, '2015-01-04 22:00:00', 'Dicoro', '', 5, '¡Qué estupenda noticia Juan José! Muchas gracias por dedicarnos su tiempo para valorar nuestro servicio.\r\n\r\nEl trato con el cliente es uno de nuestros pilares corporativos, y más en una compra tan importante como es la de una cocina completa.\r\n\r\n¡Gracias por su confianza!', 5, 3),
(101, 57, 1, '2015-02-22 22:00:00', 'Dicoro', '', 5, '¡Todo cuenta Nieves! Sin duda tenernos cerca de casa es un punto a favor, pero lo que más nos ilusiona es ver que tuvo una experiencia satisfactoria con su compra.\r\n\r\n¡Aquí estaremos para atenderte la próxima vez que necesites algún mueble o complemento para tu casa!', 15, 5),
(102, 58, 1, '2015-02-17 22:00:00', 'Dicoro', '', 5, 'Muchas gracias Jessica, nos encanta que te encante Dicoro.\r\n\r\n¡Disfruta de tu armario y del resto de compras! Nosotros te esperamos hasta la próxima visita.', 13, 3),
(108, 107, 1, '2015-05-03 20:00:00', 'Dicoro', '', 5, '¡Muchísimas gracias por tu opinión Victoria! En seguida enviamos tu comentario a las decoradoras de la tienda de Sant Boi para que sepan que en tu caso les gustó mucho cómo tienen decorada la tienda y las composiciones y espacios que crean.\r\n\r\n¡Te esperamos pronto de vuelta en Sant Boi!', 15, 1),
(109, 0, 1, '2015-03-25 22:00:00', 'Sara', 'Martin Isidro', 3, 'Que revisen bien los muebles porque en mi caso faltaba una pieza y tuvieron que volver otro día a acabar la instalación.', 6, 5),
(110, 109, 1, '2015-03-25 22:00:00', 'Dicoro', '', 3, 'Sentimos profundamente este error Sara, y sin duda este es un punto en el que estamos trabajando para mejorar en el futuro y que no haya incidencias de este tipo.\r\n\r\n¡Agradecemos mucho su paciencia y esperamos que ahora que ya lo finalizamos pueda disfrutar de su compra!', 6, 5),
(111, 0, 1, '2015-05-12 20:00:00', 'Marcos', 'Garcia Guillen', 5, 'Me gusta el diseño y la estética de vuestros muebles, y además me queda cerca la tienda de Montigalá.\r\n\r\nEl proyecto de habitación juvenil que hice fue tal y como estaba previsto, no ha habido ningún problema.', 6, 3),
(112, 111, 1, '2015-05-12 20:00:00', 'Dicoro', '', 5, 'Muchas gracias Marcos por tu confianza y tu valoración, estamos encantados de tener un cliente como tú.\r\n\r\n¡Esperamos verte pronto nuevamente!', 6, 3),
(113, 0, 1, '2015-05-06 20:00:00', 'Jessica', 'Moreno Galbarro', 5, 'Ya sabéis que soy una clienta habitual, y siempre he tenido muy buena experiencia con vosotros. ¡Por eso os sigo comprando!', 51, 3),
(114, 113, 1, '2015-05-16 20:00:00', 'Dicoro', '', 5, '¡Y nosotros en nombre de todo el equipo de Dicoro estamos encantados de verte cada vez que vienes a la tienda de Badalona!\r\n\r\n¡Te esperamos pronto y que puedas seguir disfrutando de nuestros muebles y ofertas!', 51, 3),
(115, 0, 1, '2015-05-07 20:00:00', 'Martin', 'Madridano Peinado', 5, 'El sofá rolex nos encanta, ha sido sin duda una gran compra. La amabilidad y competencia de los empleados es destacable, y como punto negativo tan solo veo que me queda un poco lejos de casa.\r\n\r\nSin más, muchas gracias por el servicio ofrecido.', 51, 5),
(116, 115, 1, '2015-05-07 20:00:00', 'Dicoro', '', 5, '¡Y qué podemos decir nosotros Martín ante tan amables palabras que un GRACIAS con todas las letras!\r\n\r\nEs un placer tenerle entre nuestra familia y esperamos seguir contando con su confianza en el futuro', 51, 5),
(120, 119, 1, '2015-05-05 20:00:00', 'Dicoro', '', 5, 'Muchas gracias Jose Ramon, nos alegramos de que quedara satisfecho con el resultado final de su cocina, y esperamos seguir mejorando día a día.', 5, 5),
(123, 0, 1, '2015-05-24 20:00:00', 'Pedro', 'Fausto Avellaneda', 2, 'El trato del personal es muy bueno y la calidad/precio general también.\r\n\r\nPero el problema lo tuve con los montadores que se dejaron la puerta de la habitación sin colocar y un tirador por poner porque les faltaba un tornillo para finalizar la instalación. Deberían ofrecer mejores soluciones con el montaje.', 6, 1),
(125, 0, 1, '2015-04-16 20:00:00', 'Encarnación', 'Moreno Iglesias', 5, 'Excelente calidad/precio de la tienda.\r\n\r\nÚnicamente he tomado las medidas para un proyecto, pero el trato ha sido muy bueno por parte de los profesionales.', 6, 5),
(128, 127, 1, '2015-04-22 20:00:00', 'Dicoro', '', 5, 'Muchas gracias MªRosa por la valoración de su compra, y esperamos que próximamente no seamos una opción más sino su opción preferida\r\n\r\n¡Trabajaremos para ello hasta volver a verla por nuestras tiendas!', 6, 3),
(130, 0, 1, '2015-04-23 20:00:00', 'Antonio', 'Feito', 5, 'El problema de Dicoro es que no son conocidos, tal vez sería buena idea que pusierais algún anuncio en la TV o algún cartel promocional en Madrid.\r\n\r\nLas instalaciones de la tienda están impecables y da gusto pasear e ir viendo los productos.\r\n\r\nComo punto negativo está que a nivel de variedad y gama de productos se quedan cortos frente a Ikea.', 21, 5),
(131, 130, 1, '2015-04-23 20:00:00', 'Dicoro', '', 5, 'Pues no, lamentablemente no somos tan grandes ni tenemos el presupuesto de Dicoro. Intentamos dar el mejor servicio posible y un trato personalizado para hacer sentir especial a cada uno de nuestros clientes.\r\n\r\nCreemos firmemente que con esta filosofía poco a poco iremos recortando las distancias con Ikea.\r\n\r\n¡Se lo aseguramos Antonio!', 21, 5),
(133, 132, 1, '2015-04-23 20:00:00', 'Dicoro', '', 5, 'Muchas gracias Ángel por su tiempo y valoración.\r\n\r\nNos encantaría poder tener stock en la tienda y no dude que es uno de los proyectos más importantes que tenemos en Dicoro y que nos gustaría poder conseguir en el futuro.', 24, 5),
(136, 0, 1, '2015-04-22 20:00:00', 'Monica', 'Rodriguez Garcia', 2, 'Los comerciales son muy agradables y los productos han llegado en perfectas condiciones.\r\n\r\nPero estoy algo disgustada porque Dicoro no tiene detalles con los clientes que compran mucho, como es mi caso.', 52, 3),
(140, 139, 1, '2015-04-22 20:00:00', 'Dicoro', '', 5, 'Miriam, valoramos mucho su opinión y sentimos que la producción de los sofás exceda el tiempo que consideraría aceptable. Realmente trabajamos para minimizar estos procesos y poder así dar un servicio de entrega más satisfactorio para todos los casos, especialmente aquellos en que no tenemos unidades en stock disponibles en el momento de la compra.\r\n\r\n¡Esperamos verla pronto Miriam y nos apasiona el reto de tratar de ofrecerle un mejor servicio la próxima vez que nos visite en Montigalá!', 7, 3),
(141, 0, 1, '2015-04-02 20:00:00', 'Ingrid', 'Vera Lucas', 3, 'La verdad que me recomendaron la tienda unos conocidos, pero mi experiencia con la compra no ha sido buena pese a que la calidad/precio sea interesante y el trato de los trabajadores bastante bueno.\r\n\r\nLas entregas y la organización de las fechas de las mismas deberían mejorarse porque en mi caso tuve problemas.', 51, 3),
(143, 0, 1, '2015-04-20 20:00:00', 'Raúl', 'Blanco', 3, 'Tienen productos con un diseño bonito, pero creo que tienen que mejorar mucho el sistema de entrega ya que el envío son 20€ con el montaje y en mi caso no me lo montaron.\r\n\r\nTampoco tiene sentido no poder recoger los productos en la tienda sin coste añadido, pues cuenta como si lo hubieran enviado.\r\n\r\nTener que llamar a un 902 tampoco lo veo adecuado cuando se trata de dar un servicio al cliente o gestionar una reclamación o incidencia.', 17, 2),
(146, 145, 1, '2015-04-20 20:00:00', 'Dicoro', '', 5, 'Muchas gracias por su opinión Francisco Javier, y sentimos no poder servir con mayor premura aquellos productos de los que no disponemos de stock.\r\n\r\nLe aseguramos que trabajamos diariamente para minimizar estos periodos de tiempo y poder disponer de mayores reservas de stock, por una parte, y de una mayor velocidad en la entrega cuando no sea posible.', 44, 1),
(147, 0, 1, '2015-05-20 20:00:00', 'Vanesa', 'De La Iglesia Galvan', 3, 'La atención recibida personalmente por los operarios de Sant Boi fue de lo mejor de todo.\r\n\r\nMi queja viene porque no se aseguraron antes de venir de las medidas del portal del cliente. Ante esta situación se debería poder consultar por escrito las opciones y costes de contratar un elevador en base a la altura del piso. También sería importante tener mejor conocimiento del estado de los pedidos una vez comprado y no tener que llamar para informarse.', 12, 1),
(148, 0, 1, '2015-05-07 20:00:00', 'Francisco', 'Martinez Garrido', 5, 'Me gusta el diseño del espejo que he comprado, pero no se cumplieron con las fechas de entrega previstas.\r\n\r\nAunque la incidencia se resolvió satisfactoriamente, deberían haberme avisado de que la entrega se iba a retrasar.', 17, 2),
(182, 0, 1, '2015-08-16 20:00:00', 'Maria Isabel', 'Brota', 5, 'No son Ikea, pero la verdad que me he llevado una grata sorpresa con mis compras.\r\n\r\nLa calidad es buena para el precio que tiene. La verdad que no conocía Dicoro pero ya tengo una opción más a visitar cuando compre muebles.', 16, 3),
(150, 0, 1, '2015-04-08 20:00:00', 'Marta', 'Gallard Andreu', 5, 'Me desplazo desde Calella hasta Badalona porque es una buena zona para comprar muebles, y realmente en Dicoro valoro mucho el trato personal que te dan en tienda.\r\n\r\nTengo la impresión de que en Ikea o Conforama (que están al lado) soy un número más, pero en Dicoro se preocupan mucho más por adaptarse a mis necesidades particulares y ofrecerme lo que mejor se pueda ajustar.\r\n\r\nPor otra parte, tener stock de productos como lámparas, alfombras y demás sería muy conveniente para no tener que esperar a recibir el envío en casa o pasarlo a buscar al almacén. ¡Son productos que debería haber en stock en tienda!', 4, 3),
(154, 0, 1, '2015-04-16 20:00:00', 'Roser', 'Frago Peña', 5, 'Os descubrí buscando por internet ya que no conocía Dicoro y realmente estoy muy satisfecha con la compra.\r\n\r\n¡El sofá me encanta!', 52, 3),
(156, 0, 1, '2015-04-08 20:00:00', 'Margarita', 'Duran Ponsa', 5, 'Estoy satisfecha con la compra, no he tenido ningún imprevisto. Relación calidad/precio muy buena.', 44, 1),
(158, 0, 1, '2015-03-17 22:00:00', 'Antoni', 'Vilaró Pijuan', 4, 'Vivimos en Solsona, y no nos queda cerca de la tienda de Montigalá. Lo cierto es que hemos tenido varios problemas ya que faltaron unas piezas en la entrega, además de que en atención al cliente se contradecían dependiendo de quién me atendiera. Tuvieron que enviarme por correo la pieza que faltaba tras varias llamadas y pocas soluciones.\r\n\r\nSobre los montadores, eso sí, he de decir que hicieron bien su faena.', 6, 3),
(162, 0, 1, '2015-04-01 20:00:00', 'Maria', 'Jose Sierra Balasch', 5, 'Sobre la toma de medidas estoy satisfecha ya que los técnicos eran muy profesionales, pero a veces la comunicación es mejorable ya que vinieron a tomar medidas la primera vez a una hora en la que no estaba presente. Es un error evitable.', 31, 1),
(165, 0, 1, '2015-04-06 20:00:00', 'Victoria', 'Nuñez Pascual', 5, 'Un día recibí el catálogo en casa y fui a echar un vistazo a la tienda de Sant Boi.\r\n\r\nHe de decir que el armario que compré lo pude personalizar totalmente a mi gusto y salvo un soporte que faltó y tuvieron que volver a traerme otro día, todo ha sido perfecto y el armario ha quedado genial.\r\n\r\nEstoy muy satisfecha con la compra y la instalación, felicidades.', 12, 1),
(167, 0, 1, '2015-03-24 22:00:00', 'Silvia', 'Solinas', 4, 'Tuvimos un problema con los instaladores que nos dejaron con un regusto amargo, ya que un problema que se dilató mucho tiempo se hubiera podido solucionar enviando un personal de montaje cualificado como fue la última vez.\r\n\r\nPor otra parte, Xavi de Dicoro Badalona nos dispensó un trato muy amable y comprensivo durante el periodo que duró la incidencia.', 52, 3),
(171, 0, 1, '2015-04-01 20:00:00', 'Jose Ignacio', 'Pujol Jaen', 5, 'Ya os he comprado varias veces y mi impresión es que hay un ambiente laboral muy bueno en la tienda de Sant Boi, y eso se nota en cómo me atienden cada vez que voy, sea quien sea el empleado que me atienda.\r\n\r\nComo punto de mejora, diría que hay demasiada diferencia entre precios de conjuntos (dormitorio completo, comedor...) comparado con elementos individuales (1 armario, otros). También hecho a faltar alguna solución intermedia en lo referente a calidad/precio.', 6, 1),
(172, 171, 1, '2015-04-01 20:00:00', 'Dicoro', '', 5, '¡Muchas gracias Jose Ignacio! Ahora mismo haremos llegar su mensaje al equipo de la tienda de Sant Boi para que estén al corriente de su valoración positiva sobre su atención y servicio.\r\n\r\n¡Nada nos ilusiona más que un cliente satisfecho tanto con la compra como con el trato recibido en tienda!\r\n\r\nPara nosotros, cualquier persona que entre en nuestras tiendas es muy especial, y tratamos de darles un trato que demuestre nuestra ilusión y voluntad de ayudar en todo lo posible.\r\n\r\nFinalmente, tomamos buena nota de sus recomendaciones sobre una mayor variedad de precios. Tratamos de tener rangos de precios para todos los bolsillos y posibilidades, pero si usted lo cree insuficiente, trabajaremos para hacerle cambiar de opinión y poder incluir mayor variedad. ¡Muchas gracias!', 6, 1),
(175, 0, 1, '2015-03-23 22:00:00', 'Gemma', 'Medina Fuertes', 5, 'Lo que más valoro es el precio-calidad de sus productos, y el armario que montaron quedó perfecto. Además de que viviendo en Badalona, la tienda de Montigalá me queda cerca, hehe.', 13, 3),
(177, 0, 1, '2015-03-30 20:00:00', 'Rosa Maria', 'Jurado Fernandez', 5, 'El trato con el comercial fue muy bueno y la habitación ha quedado finalmente muy bien, pero los montadores me dejaron insatisfecha. Como se olvidaron de apuntar una incidencia me costó mucho que me hicieran caso en atención al cliente ya que no constaba nada.\r\n\r\nUnos montadores más cualificados es lo que necesita Dicoro.', 6, 3),
(184, 0, 1, '2015-06-07 20:00:00', 'Miriam Jacqueline', 'Cordova', 4, 'Me gusta comprar en Dicoro, aunque recomendaría una mayor velocidad en la entrega de algunos productos que no tienen en stock, porque puede tardar demasiado en ocasiones', 27, 1),
(185, 184, 1, '2015-06-07 20:00:00', 'Dicoro', '', 5, 'Muchas gracias por tu comentario Miriam, y haremos todo lo posible para mejorar nuestros tiempos de entrega. La realidad es que dependemos de proveedor, y si hay cualquier imprevisto se puede alargar más de lo que nos gustaría a nosotros también el proceso.\r\n\r\n¡Gracias por tu comentario!', 27, 1),
(186, 0, 1, '2015-06-22 20:00:00', 'Maite', 'Ramos Servilla', 5, 'Todo el proceso fue muy correcto, aunque echo de menos un teléfono de atención al cliente ¡por favor!', 64, 1),
(187, 186, 1, '2015-06-22 20:00:00', 'Dicoro', '', 5, 'Muchas gracias por tu comentario Maite.\r\nY me complace informarte que tenemos a disposición los siguientes números de atención al cliente: 91-651-46-80 / 93-700-11-01\r\nSino, en horario de oficina (9 a 17h) puede contactar también por el chat de la web, que le atenderán al comento encantados\r\n\r\n¡Gracias por su valoración y confianza!', 64, 1),
(188, 0, 1, '2015-06-08 20:00:00', 'Patricia', 'Lorente', 5, 'Todo fue perfecto, el armario lo pude personalizar a mi gusto y no hubo ningún inconveniente.\r\n\r\nDestacaría la atención de la comercial y el hecho de no tener que esperar a ser atendida en tienda.\r\n\r\nPor otra parte, como cosas a mejorar, me hubiera gustado encontrar sección de muebles de baño, pues no la hay.', 4, 1),
(189, 188, 1, '2015-06-08 20:00:00', 'Dicoro', '', 5, '¡Muchísimas gracias por tu comentario Patricia!\r\n\r\nLa verdad que los muebles de baño los tenemos solo en la tienda de Madrid por ahora, pero estamos estudiando la posibilidad de traerlos también a las tiendas de Barcelona.\r\n\r\n¡Te mantendremos informada Patricia! :)', 4, 1),
(191, 0, 1, '2015-06-09 20:00:00', 'Jose', 'Cuadrado Santos', 5, 'Instalé toda la cocina y en menos de un mes ya la tenía perfectamente instalada y en funcionamiento. Nada a remarcar, una experiencia al nivel de lo que esperaba, con un trato muy servicial en tienda.', 5, 1),
(192, 191, 1, '2015-08-16 20:00:00', 'Dicoro', '', 5, 'Muchas gracias Jose por tu tiempo y haber compartido tu experiencia. Nos alegramos que todo saliera según lo esperado y que ya tengas tu cocina lista para tus mejores platos! :)\r\n\r\nEstamos encantados de haberte tenido en la tienda de Sant Boi. Esperaremos tu regreso con ilusión.', 5, 1),
(193, 0, 1, '2015-06-14 20:00:00', 'Caterina', 'Espinet Borràs', 2, 'No puede ser que tarden 6 semanas en traer una pieza de recambio al armario cuando el resto ya está montado.\r\n\r\nEn el resto de compras no tuve inconveniente, pero no veo normal tener que esperar tanto para un repuesto.', 12, 3),
(194, 193, 1, '2015-06-14 20:00:00', 'Dicoro', '', 5, 'Sentimos las molestias ocasionadas por esas semanas de esperar a poder reemplazar la pieza defectuosa. Esto es debido a que estos proyectos los hacemos bajo pedido y a demanda, por lo que no podemos acumular stock de recambio para proyectos tan personalizables. Aun así, sentimos que haya tenido esta incidencia y esperamos no perder su confianza como clienta habitual que es.\r\n\r\n¡Estamos a su completa disposición Caterina! :)', 12, 3),
(195, 0, 1, '2015-06-17 20:00:00', 'Mercedes', 'Tobarias', 4, 'Compré por Internet unos productos que me vinieron a montar, aun así el servicio post-venta es mejorable, ya que las chicas de la tienda no tienen capacidad de solucionar los problemas y tienen que llamar para todo.', 27, 2),
(196, 195, 1, '2015-06-17 20:00:00', 'Dicoro', '', 5, 'Ante todo, Mercedes, muchas gracias por su compra y su confianza.\r\n\r\nSu preocupación por la capacidad de las comerciales de solucionar los problemas en tienda nos ha llevado a organizar unas jornadas de formación post-venta con todas ellas para mejorar el servicio.\r\n\r\n¡Esperamos que la próxima vez que la veamos por aquí quede plenamente satisfecha!', 27, 2),
(197, 0, 1, '2015-06-20 20:00:00', 'Marta', 'Millan Fernandez', 5, 'Vi la tienda mientras paseaba por Madrid, y me gustó la decoración y los precios.\r\n\r\nLa habitación a medida de nuestro hijo ha quedado perfecta, todo fue sin problema. ¡Gracias!', 6, 5),
(198, 197, 1, '2015-06-20 20:00:00', 'Dicoro', '', 5, '¡Muchas gracias Marta!\r\n\r\n¡Y esperamos verla por aquí también cuando su peque crezca! :)', 6, 5),
(199, 0, 1, '2015-06-23 20:00:00', 'Andrea', 'Esbrí Úcar', 5, 'Todo fue perfecto, aunque se agradecería que tuvieran un almacén más próximo a Barcelona o poder recoger los productos en la misma tienda, ya que sino acaba siendo una excursión ir a por los productos si no necesitas que te los envíen a casa.', 12, 1),
(200, 199, 1, '2015-06-23 20:00:00', 'Dicoro', '', 5, 'Andrea, muchas gracias por tu comentario y tus buenos consejos.\r\n\r\nTomamos buena nota, a ver si podemos hacer algún cambio en las políticas de entrega de productos y valorar la posibilidad de enviar a tienda para su recogida.\r\n\r\n¡Muchas gracias y te esperamos pronto!', 12, 1),
(201, 0, 1, '2015-06-24 20:00:00', 'Maria Jesus', 'Martin Lopez', 5, 'Los productos que no están en stock tienen un plazo de entrega demasiado largo.', 33, 5),
(202, 201, 1, '2015-06-24 20:00:00', 'Dicoro', '', 5, 'Muchas gracias por tu comentario María Jesús. La verdad es que hay algunos productos con menos rotación que tienen unos tiempos de entrega mayores, y por ello acostumbramos a traer en mayor cantidad cuando compramos. Pero si se agotan es probable que haya un periodo en que tardemos más de lo que nos gustaría.\r\n\r\n¡Trataremos de recortar estos tiempos, te lo aseguramos!', 33, 5),
(203, 0, 1, '2015-06-24 20:00:00', 'SL Control', 'Entalpico', 5, 'Todo perfecto, quedó de maravilla, muchas gracias.', 36, 5),
(204, 203, 1, '2015-06-24 20:00:00', 'Dicoro', '', 5, 'Muchas gracias, nos encanta de que hayan quedado satisfechos.\r\n\r\n¡Les esperamos pronto!', 36, 5),
(205, 0, 1, '2015-06-28 20:00:00', 'Jose', 'Segovia', 4, 'En general estamos satisfechos, sobre todo con la atención telefónica de la sra. Cristina Sánchez. Aun así, a Dicoro le queda por mejorar la comunicación con el cliente una vez hay una incidencia, porque a menudo tienen las líneas ocupadas y es difícil ponerse en contacto directamente.', 6, 3),
(206, 205, 1, '2015-06-28 20:00:00', 'Dicoro', '', 5, 'Gracias por su confianza Jose, y si le vuelve a ocurrir que tenemos todas las líneas ocupadas, le recomiendo que nos contacte vía chat en nuestra web de 9 a 17h para que podamos atenderle inmediatamente.\r\n\r\nEs una alternativa para cuando tenemos las líneas saturadas que espero le sea de utilidad.\r\n\r\n¡Muchas gracias y le esperamos pronto!', 6, 3);
INSERT INTO `wp_opiniones_clientes` (`id_opinion`, `parent`, `active`, `fecha`, `nombre`, `apellidos`, `valoracion`, `observaciones`, `id_category`, `id_store`) VALUES
(208, 0, 1, '2015-07-05 20:00:00', 'Juan Manuel', 'Izquierdo Sanz', 5, 'Os conocí por internet y la verdad que todo perfecto, en tienda se equivocaron con un precio pero lo solucionaron enseguida y me devolvieron la parte equivocada.', 20, 5),
(209, 208, 1, '2015-07-05 20:00:00', 'Dicoro', '', 5, '¡Mecachis! Ese precio que se nos coló. Sentimos ese lapso de tiempo en que tuvimos ese error y nos alegramos que no le causara mayor problema.\r\n\r\n¡Le esperamos pronto Jose Manuel!', 20, 5),
(210, 0, 1, '2015-07-05 20:00:00', 'Antonio', 'Puertas Valverde', 5, 'No tengo nada a comentar, la compra fue bien y el descuento que hicieron muy interesante.', 52, 3),
(211, 210, 1, '2015-07-05 20:00:00', 'Dicoro', '', 5, 'Muchas gracias Antonio. Estuviste muy hábil con la promoción, duró poquito porque volaron esos sofás rebajados.\r\n\r\n¡Disfruta de tu sofá! :)', 52, 3),
(212, 0, 1, '2015-07-06 20:00:00', 'Catalina', 'Lombarda Lopez', 5, 'Destacaría la buena presentación que tienen de sus muebles, y el buen trato que tienen con los clientes.', 28, 3),
(213, 212, 1, '2015-07-06 20:00:00', 'Dicoro', '', 5, '¡Qué gran noticia Catalina! Muchas gracias por tu feedback y te llevaste unas sillas muy chulas.\r\n\r\n¡Te esperamos pronto!', 28, 3),
(215, 214, 1, '2015-08-17 20:00:00', 'Dicoro', '', 5, 'Muchas gracias Xavier, pues eso no debería pasar, tal vez hubo alguna retención o atasco que atrasó a los comerciales. Llamamos entre una hora y 30 minutos antes de las entregas para confirmar hora y disponibilidad. De todos modos, aprendemos de comentarios como el tuyo.\r\n\r\n¡Muchas gracias por ayudarnos a mejorar!', 13, 1),
(216, 0, 1, '2015-07-12 20:00:00', 'Jessica', 'Orlandini', 5, 'Conforama e IKEA. Dicoro gana de IKEA porque te ayuda a montar y diseñar la cocina, por ejemplo, gratuitamente (mientras IKEA tiene un programa complicado si no tienes medidas standard), pero Dicoro pierde para IKEA en los plazos.', 31, 5),
(217, 216, 1, '2015-07-12 20:00:00', 'Dicoro', '', 5, 'Este comentario Jessica es para nosotros un orgullo y un reto a la vez. Un orgullo que nos puedas comparar e incluso valorar por encima de un gigante como Ikea, y por otra que nos mantengas despiertos para seguir mejorando nuestros servicios de entrega y así acabar complaciendo todas tus exigencias.\r\n\r\n¡Muchísimas gracias por tu valoración y esperamos haber aplicado las mejoras que nos propones para tu próxima visita!', 31, 5),
(218, 0, 1, '2015-07-12 20:00:00', 'Maria Isabel', 'Brota Ramos', 5, 'Debería haber más catálogo, porque a veces hay poco donde elegir. De todos modos, estoy contenta porque me indicasteis un plazo de entrega y me llamasteis antes para indicarme que ya lo podíais traer. Aun así, cuando no tenéis stock la espera se hace excesivamente larga y hace que mire alternativas en otras tiendas, especialmente porque os conocí por internet precisamente.', 18, 3),
(219, 218, 1, '2015-07-12 20:00:00', 'Dicoro', '', 5, 'Muchísimas gracias María Isabel por tu comentario, lo apreciamos mucho de verdad.\r\n\r\nIntentaremos mejorar nuestros plazos de entrega cuando no tenemos stock de algún producto, para así hacer de Dicoro la mejor tienda posible para tod@s.', 18, 3),
(220, 0, 1, '2015-07-15 20:00:00', 'Antonio', 'Romanos Arasa', 5, 'Sin complicaciones, todo en orden la mesa llegó según lo acordado.', 32, 1),
(221, 220, 1, '2015-07-15 20:00:00', 'Dicoro', '', 5, 'Muchas gracias por tu valoración del proceso de compra y entrega Antonio.\r\n\r\n¡Estaremos encantados de tenerte por aquí pronto nuevamente! :)', 32, 1),
(222, 0, 1, '2015-07-20 20:00:00', 'Jordi', 'Silleras Gonzalez', 5, 'Os conocí de casualidad yendo al Ikea de Badalona, pero la verdad que estoy encantado con las compras que hice para el comedor. Las sillas y mesa todo perfecto.', 28, 3),
(223, 222, 1, '2015-07-20 20:00:00', 'Dicoro', '', 5, 'Muchas gracias Jordi, ahora esperamos que la próxima hagas planes también para venir a Dicoro que nos haría muchísima ilusión volver a tenerte en la tienda de Montigalá.', 28, 3),
(224, 0, 1, '2015-07-20 20:00:00', 'Tania', 'Gonzalez Ballester', 5, 'El trato hacia los clientes por parte del personal de Dicoro hace que escoja vuestra tienda en vez de irme a la competencia...', 6, 3),
(225, 224, 1, '2015-07-20 20:00:00', 'Dicoro', '', 5, '¡Qué ilusión Tania! Muchas gracias y tomaremos tu comentario como un reto para seguir ofreciendo el mejor de nuestros servicios de atención al cliente.', 6, 3),
(226, 0, 1, '2015-07-27 20:00:00', 'Victor', 'Algara Marse', 5, 'Sin complicaciones, entrega rápida y buena calidad de la cama por 200€', 15, 3),
(227, 226, 1, '2015-07-27 20:00:00', 'Dicoro', '', 5, 'Muchas gracias por tu comentario Víctor, que tengamos productos de líneas económicas no significa que vayamos a rebajar la calidad que queremos de nuestros productos :)\r\n\r\n¡Te esperamos pronto y bien descansado por Badalona!', 15, 3),
(228, 0, 1, '2015-07-28 20:00:00', 'Montse', 'Quilez Serrano', 5, 'La verdad que soy poco objetiva porque soy una auténtica fan vuestra. Me encanta el trato que me dais en tienda siempre que vengo y los dibujos que hacéis de los proyectos. No poder llevar las cosas de la tienda tal vez es algo que deberíais mejorar, puestos a poner alguna pega.', 12, 3),
(229, 228, 1, '2015-07-28 20:00:00', 'Dicoro', '', 5, '¡Nosotros sí que somos fans tuyos Montse! :)\r\n\r\nTomamos buena nota de tu recomendación acerca de las entregas en tienda, es algo que logísticamente estamos valorando aunque la implementación es compleja.\r\n\r\n¡Gracias por tu apoyo y confianza!', 12, 3),
(230, 0, 1, '2015-07-29 20:00:00', 'Roger', 'Alvarez Cervera', 4, 'Estoy satisfecho con el armario una vez instalado, pero deberíais tener una mejor gestión en las entregas y el método de pago que no sea por adelantado.', 12, 1),
(231, 230, 1, '2015-07-29 20:00:00', 'Dicoro', '', 5, 'Muchas gracias por tu comentario Roger. En proyectos a medida cobramos por adelantado una parte para asegurarnos que el pedido se realizará realmente, no es por otro motivo que ese.\r\n\r\nIgualmente pensaremos alternativas para poder dar un servicio que se aproxime más a lo que esperas de nosotros.\r\n\r\nMuchas gracias por tu tiempo y valoración, nos sirve de mucho.', 12, 1),
(232, 0, 1, '2015-12-21 22:00:00', 'Marta', 'Lestayo', 5, 'Vi la tienda paseando y entré a ver que había. La verdad es que me encantó lo que vi y compré un armario y me lo montaron bien. Estoy contenta con la compra.', 12, 1),
(233, 232, 1, '2015-12-28 22:00:00', 'Dicoro', '', 5, 'Agradecemos tu confianza Marta. ¡Esperamos verte de nuevo pronto!', 0, 1),
(234, 0, 1, '2016-01-12 22:00:00', 'Guadalupe', 'Manzano', 5, 'Un muy buen trato y servicio y la habitación Juvenil ha quedado monísima. ', 0, 3),
(235, 234, 1, '2016-01-13 22:00:00', 'Dicoro', '', 5, 'Hola, Guadalupe. ¡Muchas gracias por el comentario y a disfrutar de la habitación! ', 0, 3),
(236, 0, 1, '2016-01-13 22:00:00', 'Marta', 'Cabanillas', 5, 'Un asesoramiento muy bueno y fueron siempre atentos ante mis preguntas, además me encantó la cama que compré. ', 36, 5),
(237, 236, 1, '2016-01-13 22:00:00', 'Dicoro', '', 5, 'Hola, Marta ¡Nos alegramos de que estés así de satisfecha! ', 0, 5),
(238, 0, 1, '2016-01-13 22:00:00', 'Mariela', 'Arreaga', 4, 'La variedad de muebles que ofrece es muy amplia y siempre me llega en condiciones. ', 35, 3),
(239, 238, 1, '2016-01-13 22:00:00', 'Dicoro', '', 5, '¡Muchas gracias por el comentario!', 0, 3),
(240, 0, 1, '2016-01-13 22:00:00', 'Xavi', 'Forns', 4, 'El Somier que hemos comprado es robusto y lo trajeron todo a la fecha indicada y sin problemas, aunque alguna vez la comercial no cogía el teléfono. ', 58, 3),
(241, 240, 1, '2016-01-13 22:00:00', 'Dicoro', '', 5, 'Lamentamos lo del teléfono, alguna vez las líneas están ocupadas, pero nos alegramos que lo demás fuera bien.', 0, 1),
(242, 0, 1, '2016-01-13 22:00:00', 'Lucia', 'Zuleta', 4, 'El diseño y el precio de lo que ofrece Dicoro está muy bien, tardaron un poco en venir pero ha quedado una habitación preciosa. ', 6, 5),
(243, 242, 1, '2016-01-13 22:00:00', 'Dicoro', '', 5, 'Nos alegramos que la habitación sea de tu agrado ¡Muchas gracias! ', 0, 1),
(244, 0, 1, '2016-01-13 22:00:00', 'Sergi', 'Rojas', 5, 'Siempre nos han atenido cuando hemos tenido alguna incidencia y la rapidez en que nos han contestado. Un servicio excelente.', 6, 3),
(245, 244, 1, '2016-01-13 22:00:00', 'Dicoro', '', 5, 'Muchas gracias por este comentario positivo, Sergi. Seguiremos esforzándonos para que este servicio sea siempre satisfactorio. ', 0, 1),
(246, 0, 1, '2016-01-13 22:00:00', 'Aitor', 'Teixidó', 4, 'Tuve un trato agradable y prefiero Dicoro que a otras empresas.', 6, 3),
(248, 246, 1, '2016-01-13 22:00:00', 'Dicoro', '', 5, '¡Aitor, gracias por la confianza que nos das!', 0, 1),
(249, 0, 1, '2016-01-18 22:00:00', 'Silvia', 'Navarro', 5, 'Me atendieron con una gran profesionalidad y amabilidad en la tienda y hay una amplia variedad de artículos para elegir. Muy satisfecha. ', 13, 5),
(250, 249, 1, '2016-01-19 22:00:00', 'Dicoro', '', 5, 'Hola, Silvia. ¡Nos alegramos mucho de que estés tan contenta con nosotros! ', 0, 1),
(251, 0, 1, '2016-01-18 22:00:00', 'Juan Ramón', 'Aparicio', 5, 'El armario se montó tal y como quise y destaco la atención personalizada en la tienda de Sant Boi.', 20, 1),
(252, 251, 1, '2016-01-18 22:00:00', 'Dicoro', '', 5, 'Muchas gracias por el comentario, Juan Ramon y por haber confiado en nosotros para montar el armario.   ', 0, 1),
(253, 0, 1, '2016-01-19 22:00:00', 'Miriam', 'Muiños', 4, 'Un trato muy amable y una atención al cliente satisfactorio, solo tuvimos un problema con los montadores ya solucionado. ', 77, 1),
(254, 253, 1, '2016-01-19 22:00:00', 'Dicoro', '', 5, 'Muchas gracias por el comentario y hablaremos con los montadores para que no suceda más. Gracias.  ', 0, 1),
(255, 0, 1, '2016-01-27 22:00:00', 'Joaquín', 'Lucena', 3, 'Ninguna incidencia a destacar. ', 4, 3),
(256, 255, 1, '2016-01-28 22:00:00', 'Dicoro', '', 5, 'Muchas gracias por el comentario, Joaquín.       ', 0, 1),
(257, 0, 1, '2016-01-27 22:00:00', 'José María', 'Rodríguez', 4, 'Nos recomendaron Dicoro y todo ha ido tal y como esperábamos, seguro que volveremos a comprar en otra ocasión ', 51, 1),
(258, 257, 1, '2016-01-28 22:00:00', 'Dicoro', '', 5, 'Muchas gracias por el comentario y nos vemos en la próxima compra.', 0, 1),
(259, 0, 1, '2016-02-03 22:00:00', 'Silvana', 'Volpini', 4, 'No tengo ningún aspecto negativo a destacar, todo fue satisfactorio.', 28, 2),
(260, 259, 1, '2016-04-17 20:00:00', 'Dicoro', '', 5, 'Nos alegra leer esto, Silvana. Muchas gracias por todo.', 0, 1),
(261, 0, 1, '2016-02-07 22:00:00', 'Francisco Javier', 'Gutierrez', 3, 'El diseño y el montaje son muy buenos. Un mueble vino con un poco de retraso, pero me llegó justo ayer.  ', 26, 1),
(262, 261, 1, '2016-02-08 22:00:00', 'Dicoro', '', 5, '¡Esperamos que todo esté bien y que disfrutes del mueble!        ', 0, 1),
(263, 0, 1, '2016-02-15 22:00:00', 'María Jesús', 'Sanz', 4, 'Me gustan muchos sus muebles y la atención por chat es muy buena', 6, 3),
(264, 263, 1, '2016-02-16 22:00:00', 'Dicoro', '', 5, 'Muchas gracias por el comentario e intentamos siempre ofrecer la mejor información posible.', 0, 1),
(265, 0, 1, '2016-02-16 22:00:00', 'Antonio', 'Sanchez', 5, 'Una compra muy satisfactoria y nos encanta la habitación.', 6, 3),
(266, 265, 1, '2016-02-16 22:00:00', 'Dicoro', '', 5, '¡Muchas gracias a ti por confiar en nosotros!', 0, 1),
(267, 0, 1, '2016-02-17 22:00:00', 'Carmen', 'Gonzalez', 5, 'Estoy muy satisfecha de cómo ha ido la compra: una atención del personal muy agradable y un muy buen montaje. ', 6, 1),
(268, 267, 1, '2016-02-17 22:00:00', 'Dicoro', '', 5, '¡Nos alegramos que todo haya ido tan bien, Carmen!  ', 0, 1),
(269, 0, 1, '2016-02-18 22:00:00', 'Jennifer', 'salgado', 3, 'La litera es muy chula pero tardaron un poco en montar un tornillo. ', 36, 4),
(270, 269, 1, '2016-02-18 22:00:00', 'Dicoro', '', 5, '¡Lamentamos ese pequeño incidente pero esperamos que disfrutes de la litera!', 0, 1),
(271, 0, 1, '2016-02-20 22:00:00', 'Sara', 'Rangil', 4, 'El personal de atención en la tienda y los montadores son aspectos que más destaco ', 6, 5),
(272, 271, 1, '2016-02-21 22:00:00', 'Dicoro', '', 5, 'Muchas gracias por el comentario y que el servicio fuera satisfactorio. ', 0, 1),
(273, 0, 1, '2016-02-21 22:00:00', 'Live Barcelona SL', '', 5, 'Estoy muy satisfecho de cómo ha quedado la habitación y el montaje en general. Os sugiero hacer publicidad con spots en las salas de cine próxima a su tienda de Sant Boi. ', 77, 1),
(274, 273, 1, '2016-02-21 22:00:00', 'Dicoro', '', 5, 'Muchas gracias por la sugerencia, es algo que podemos valorar. ', 0, 1),
(275, 0, 1, '2016-02-21 22:00:00', 'Joaquín', 'Martin', 4, 'Un sillón muy cómodo, que ya lo necesitaba. No hubo ninguna incidencia mayor, así que todo bien. ', 55, 1),
(276, 275, 1, '2016-02-21 22:00:00', 'Dicoro', '', 5, '¡Muchas gracias por el comentario y esperemos que le des mucho uso al sillón! ', 0, 1),
(277, 0, 1, '2016-02-23 22:00:00', 'Javier', 'Zapata', 5, 'Toda la compra fue fenomenal. Estoy contento con todos los departamentos y no dudaré en recomendarlo. ', 21, 3),
(278, 277, 1, '2016-02-24 22:00:00', 'Dicoro', '', 5, '¡Nos alegra mucho este comentario tan positivo! Muchas gracias Javier. ', 0, 1),
(279, 0, 1, '2016-02-29 22:00:00', 'Gema', 'Maria', 4, 'La calidad precio es muy bueno y los muebles son bonitos, además los dependientes en tienda son simpáticos. ', 28, 5),
(280, 279, 1, '2016-02-29 22:00:00', 'Dicoro', '', 5, '¡Muchas gracias por todo lo dicho, Gema! ¡Esperamos volverla a verla por la tienda!', 0, 1),
(281, 0, 1, '2016-03-01 22:00:00', 'Adriana', 'Barroso', 4, 'Todo el proceso de compra ha ido bien y han demostrado profesionalidad a la hora de gestionarlo todo. ', 68, 5),
(282, 281, 1, '2016-03-01 22:00:00', 'Dicoro', '', 5, '¡Nos alegramos de que todo fuera bien y que sea de su agrado!', 0, 1),
(283, 0, 1, '2016-03-06 22:00:00', 'Jaume', 'Remolins', 5, 'Una experiencia de compra muy satisfactoria y que sin duda repetiremos. ', 6, 1),
(284, 283, 1, '2016-03-06 22:00:00', 'Dicoro', '', 5, '¡Muchas gracias por el comentario y que todo haya ido tan bien!', 0, 1),
(285, 0, 1, '2016-03-07 22:00:00', 'Guillermo', 'Abad', 4, 'Destaco la profesionalidad en el montaje, rápido y sin muchas molestias. ', 6, 1),
(286, 285, 1, '2016-03-07 22:00:00', 'Dicoro', '', 5, '¡Nos alegramos que el proceso de montaje fuera tan fluido!', 0, 1),
(287, 0, 1, '2016-03-15 22:00:00', 'Jose Antonio', 'Navarro', 4, 'Un sillón muy cómodo y un buen trato en tienda, muy satisfecho. ', 55, 1),
(288, 287, 1, '2016-03-15 22:00:00', 'Dicoro', '', 5, '¡Muchas gracias por el comentario, José Antonio! ', 0, 1),
(290, 289, 1, '2016-03-17 22:00:00', 'Dicoro', '', 5, '¡Nos alegramos mucho de que haya ido tan bien y que te guste mucho! ', 0, 1),
(291, 0, 1, '2016-03-16 22:00:00', 'Alvar', 'Duran', 4, 'El armario llegó en perfectas condiciones y estamos satisfechos con él. ', 13, 3),
(292, 291, 1, '2016-03-17 22:00:00', 'Dicoro', '', 5, '¡Muchas gracias por el comentario!', 0, 1),
(293, 0, 1, '2016-03-21 22:00:00', 'Yeimy', 'Valencia', 4, 'Tanto el trato como el montaje de la habitación fue bien, aunque desearía que hubiera más muebles de stock. ', 6, 3),
(294, 293, 1, '2016-03-21 22:00:00', 'Dicoro', '', 5, '¡Muchas gracias por el comentario!', 0, 1),
(295, 0, 1, '2016-03-22 22:00:00', 'Jordi', 'Grau', 5, 'En general, mi experiencia ha sido de momento muy satisfactoria, ya que a pesar de utilizar técnicas modernas para vender, no dejan el contacto humano con el comprador. ', 4, 3),
(296, 295, 1, '2016-03-23 22:00:00', 'Dicoro', '', 5, '¡Nos alegramos muchos que la visita a tienda y la posterior compra fueran tan bien, nos vemos en la próxima!', 0, 1),
(297, 0, 1, '2016-03-23 22:00:00', 'Cristina', 'Sicilia', 4, 'Una habitación muy bonita y a buen precio, la recomiendo. ', 6, 3),
(298, 297, 1, '2016-03-23 22:00:00', 'Dicoro', '', 5, '¡Muchas gracias por el comentario, Cristina!', 0, 1),
(299, 0, 1, '2016-03-26 22:00:00', 'Teresa', 'Medina', 4, 'Tanto el producto, como el precio como el montaje fueron muy buenos, solo que no nos avisaron cuando iban a venir  ', 6, 5),
(300, 299, 1, '2016-03-27 20:00:00', 'Dicoro', '', 5, '¡Esperamos que disfruten de la nueva habitación! Lamentamos no haber avisado, disculpas. ', 0, 1),
(301, 0, 1, '2016-03-28 20:00:00', 'Logixcanon SL', '', 4, 'Todo fue sin ningún problema y todo llegó sin ningún inconveniente, aunque mejoraría la atención telefónica.  ', 44, 3),
(302, 301, 1, '2016-03-28 20:00:00', 'Dicoro', '', 5, '¡Muchas gracias por el comentario y lamentamos su experiencia telefónica! ', 0, 1),
(303, 0, 1, '2016-03-29 20:00:00', 'Carlos', 'Verdugo', 4, 'Los colchones y almohadas son muy cómodos y estoy muy satisfecho con la calidad del somier. ', 58, 3),
(304, 303, 1, '2016-03-29 20:00:00', 'Dicoro', '', 5, '¡Muchas gracias por la valoración y que estés disfrutando de una gran comodidad!', 0, 1),
(305, 0, 1, '2016-04-03 20:00:00', 'Serafín', 'Alejandre', 5, 'Muy buen servicio en general siempre que he pedido algún mueble. ', 4, 1),
(306, 305, 1, '2016-04-03 20:00:00', 'Dicoro', '', 5, '¡Muchas gracias por haber confiado en nosotros numerosas veces!', 0, 1),
(307, 0, 1, '2016-04-04 20:00:00', 'Maika', 'Merino', 5, 'Lo que más me ha gustado ha sido el servicio postventa y la atención del cliente amable. ', 6, 5),
(308, 307, 1, '2016-04-05 20:00:00', 'Dicoro', '', 5, '¡Nos alegramos de que nuestros servicios hayn sido satisfactorios!', 0, 1),
(309, 0, 1, '2016-04-04 20:00:00', 'Laura', 'Romero', 3, 'Tuvimos que cambiar un modelo de colchón por otro y tardaron en cambiarnos el modelo pero la verdad es que por el precio y la atención recibida valió la pena. ', 44, 1),
(310, 309, 1, '2016-04-05 20:00:00', 'Dicoro', '', 5, '¡Lamentamos mucho ese retraso en el cambio de modelo! Gracias por la comprensión, Laura. ', 0, 1),
(311, 0, 1, '2016-04-05 20:00:00', 'José María', 'Garcia', 4, 'He quedado satisfecho con la habitación, ha quedado bonita. ', 77, 3),
(312, 311, 1, '2016-04-05 20:00:00', 'Dicoro', '', 5, '¡Nos alegramos que la habitación sea de su agrado!', 0, 1),
(313, 0, 1, '2016-04-05 20:00:00', 'Joan', 'Tomás', 4, 'Los muebles son muy bonitos y el outlet está muy bien, pero me gustaría que hubiera más variedad. ', 4, 4),
(314, 313, 1, '2016-04-05 20:00:00', 'Dicoro', '', 5, ' ¡Muchas gracias por el comentario e intentamos tener un gran selección de muebles siempre disponibles!', 0, 1),
(315, 0, 1, '2016-04-05 20:00:00', 'Sergi', 'Barra', 3, 'El sofá es cómodo y fui muy bien atendido en tienda, pero el sofá me llegó algo más tarde de los previsto ', 51, 1),
(316, 315, 1, '2016-04-05 20:00:00', 'Dicoro', '', 5, '¡Lamentamos ese retraso que comentas, Sergi! Pero esperamos que disfrutes bien del sofá', 0, 1),
(317, 0, 1, '2016-04-06 20:00:00', 'Elisabet', 'Martinez', 4, 'Me gustó poder ver en tienda tu proyecto en pantalla del ordenador, te haces a la idea de cómo quedará. Han cumplido plazos de entrega, incluso antes. Para nosotros perfecto. ', 6, 1),
(318, 317, 1, '2016-04-06 20:00:00', 'Dicoro', '', 5, '¡Muchas gracias por el comentario Elisabet y espero que su hijo/hija disfrute de la habitación!', 0, 1),
(319, 0, 1, '2016-04-10 20:00:00', 'Diana', 'Herrero', 4, 'Estoy muy satisfecha con todo el servicio recibido, la calidad-precio está realmente bien. ', 6, 1),
(320, 319, 1, '2016-04-10 20:00:00', 'Dicoro', '', 5, '¡Muchas gracias por el comentario y que disfrute de la habitación!', 0, 1),
(321, 0, 1, '2016-04-11 20:00:00', 'Cristina', 'Gonzalez', 4, 'Encantada con el sillón y el trato telefónico, hizo la compra muy fácil. ', 55, 2),
(322, 321, 1, '2016-04-11 20:00:00', 'Dicoro', '', 5, '¡Gracias por confiar en nosotros Cristina!', 0, 1),
(323, 0, 1, '2016-04-11 20:00:00', 'Antonio', 'Garrido', 3, 'Un trato excelente y unos productos de calidad, pero tardaron un poco más de la cuenta en entregar el pedido.', 21, 1),
(324, 323, 1, '2016-04-11 20:00:00', 'Dicoro', '', 5, 'Lamentamos el retraso que comentas, nos esforzamos para cumplir siempre los plazos. ¡Gracias por comentar!', 0, 1),
(325, 0, 1, '2016-04-20 20:00:00', 'Quim', 'Planas', 4, 'El software que usáis para ir configurando la habitación, en nuestro caso, para ir viendo en 3D cómo quedaría. A más, facilita el poder escoger mejor los muebles, complementos y colores al poder verse tal y como quedaría en la propia habitación. Pero hemos tenido problemas con el montaje, que pudimos arreglar bien gracias a una buena atención. ', 6, 3),
(326, 325, 1, '2016-04-21 20:00:00', 'Dicoro', '', 5, '¡Muchas gracias por este comentario, nos alegramos que el 3D fuera de su agrado y que la incidencia se resolviera bien! ', 0, 1),
(327, 0, 1, '2016-04-20 20:00:00', 'Jorge', 'Ruiz', 5, 'Todo fue muy bien y el somier y el colchón son muy buenos!', 44, 3),
(328, 327, 1, '2016-04-21 20:00:00', 'Dicoro', '', 5, '¡Muchas gracias por el comentario!', 0, 1),
(330, 0, 1, '2016-04-24 20:00:00', 'Jordi', 'Grau', 5, 'La gran variedad de productos en la exposición permanente de los muebles te permite inspirarte para decorar tu casa.', 77, 3),
(331, 330, 1, '2016-04-25 20:00:00', 'Dicoro', '', 5, 'Nos alegramos que nuestras tiendas les sirvan como inspiración ¡Gracias por el comentario!', 0, 1),
(332, 0, 1, '2016-05-02 20:00:00', 'Ramon', 'Corbella', 4, 'Ya hemos comprado más de una vez y no hemos tenido demasiados problemas, además de un muy buen trato en tienda. ', 16, 1),
(333, 332, 1, '2016-05-03 20:00:00', 'Dicoro', '', 5, '¡Muchas gracias por su confianza y esperemos que siga así!', 0, 1),
(334, 0, 1, '2016-05-03 20:00:00', 'Angel', 'Calderon', 3, 'La calidad del producto es buena y el trato en tienda fue agradable, pero el distribuidor no lo fue tanto. ', 28, 1),
(335, 334, 1, '2016-05-03 20:00:00', 'Dicoro', '', 5, 'Lamentamos que tenga esa opinión, vamos a hablar con él a ver que pasó. Gracias por el comentario. ', 0, 1),
(336, 0, 1, '2016-05-03 20:00:00', 'Ernesto', 'Arenas', 4, 'Todo muy bien, a destacar la atención de los comerciales. ', 6, 1),
(337, 336, 1, '2016-05-03 20:00:00', 'Dicoro', '', 5, '¡Muchas gracias por el comentario y la valoración!', 0, 1),
(338, 0, 1, '2016-05-03 20:00:00', 'Maite', 'Fernandez', 4, 'Toda la habitación ha quedado bien y bonita.', 6, 3),
(339, 338, 1, '2016-05-03 20:00:00', 'Dicoro', '', 5, '¡Nos alegra que la habitación te guste, muchas gracias por confiar en nosotros!', 0, 1),
(340, 0, 1, '2016-05-15 20:00:00', 'Guillermo ', 'Abad', 3, 'Hubo unos problemas con el montaje pero lo solucionaron rápidamente, por lo demás bien. ', 6, 1),
(341, 340, 1, '2016-05-16 20:00:00', 'Dicoro', '', 5, '¡Nos alegramos que el problema esté resuelto! Gracias por confiar en nosotros. ', 0, 1),
(342, 0, 1, '2016-05-25 20:00:00', 'Elena', 'Garcia', 4, 'Un bonito sofá para el salón y estoy satisfecha con todo lo pedido. ', 7, 5),
(343, 342, 1, '2016-05-26 20:00:00', 'Dicoro', '', 5, '¡Muchas gracias Elena por el comentario! Disfruta del sofá', 0, 1),
(344, 0, 1, '2016-05-28 20:00:00', 'Sonia', 'Gomez', 3, 'Estoy contenta con la atención prestada en la tienda y con el personal que vino a casa a entregar y montar el pedido. Pero es cierto que se retrasaron un poco a la hora de entregar. ', 6, 1),
(345, 344, 1, '2016-05-29 20:00:00', 'Dicoro', '', 5, '¡Muchas gracias por el comentario Sonia! Lamentamos ese pequeño retraso pero deseamos que la habitación sea de su agrado', 0, 1),
(346, 0, 1, '2016-05-30 20:00:00', 'Victoria', 'Vepreva', 4, 'Se han cumplido muy bien las fechas de entrega, pero los montadores van muy deprisa a la hora de montar los muebles. ', 3, 3),
(347, 346, 1, '2016-05-30 20:00:00', 'Dicoro', '', 5, '¡Muchas gracias por compartir tu opinión sobre nosotros! Hablaremos con los montadores para que no vuelva a suceder. ', 0, 1),
(348, 0, 1, '2016-05-31 20:00:00', 'Raquel Florez', '', 5, 'Trato con el cliente, rapidez en entrega y montaje perfecto.', 13, 3),
(349, 348, 1, '2016-05-31 20:00:00', 'Dicoro', '', 5, '¡Muchas gracias por la puntuación, no dude en hacer lo mismo en nuestras redes sociales! ', 0, 1),
(350, 0, 1, '2016-05-31 20:00:00', 'Carmen', 'Salamanco', 4, 'La atención al personal en la tienda de Sant Boi es excelente, y aunque el montador se despistó con algunos elementos del montaje, se solucionó rápido. ', 31, 1),
(351, 350, 1, '2016-05-31 20:00:00', 'Dicoro', '', 5, 'Lamentamos ese pequeño despiste, pero deseamos que disfrute mucho de su nueva cocina a medida ¡Saludos!', 0, 1),
(352, 0, 1, '2016-06-05 20:00:00', 'Jose Francisco', 'Lucea', 3, 'Todo llegó bien y en buenas condiciones, pero entendí que se llevaban el colchón viejo...', 43, 1),
(353, 0, 1, '2016-06-11 20:00:00', 'Eduard', 'Lerma', 4, 'La habitación quedó muy bien y dentro del plazo, además de un buen trato. Pero no nos avisaron de la hora en que vendrían. ', 6, 1),
(354, 353, 1, '2016-06-11 20:00:00', 'Dicoro', '', 5, '¡Muchas gracias por el comentario Eduard! Nos alegramos que todo fuera bien y sentimos no avisar la hora, debió ser un despiste de los transportistas. ', 0, 1),
(355, 0, 1, '2016-06-13 20:00:00', 'Isabel Virgina', 'Alonso', 3, 'Compramos 2 habitaciones infantiles y el montaje y producto ha sido muy bueno. El trato también ha sido bueno. Pero un armario llegó de medidas mal varias veces, hay que comprobar antes del envío. ', 6, 3),
(356, 355, 1, '2016-06-13 20:00:00', 'Dicoro', '', 5, 'Lamentamos esas equivocaciones, no suelen ocurrir y disculpas por ello. ¡Esperamos que sus hijos disfruten de sus nuevas habitaciones!', 0, 1),
(357, 0, 1, '2016-06-13 20:00:00', 'Estela Elizabeth', 'Arias', 5, 'De momento nada que objetar, me quede muy contenta. Me ha encantado la atencion, la amabilidad de los personales, son muy profesionales. ', 4, 1),
(358, 357, 1, '2016-06-13 20:00:00', 'Dicoro', '', 5, '¡Muchas gracias, este tipo de comentarios nos alegran mucho! Deseamos volverla a ver ', 0, 1),
(359, 0, 1, '2016-06-14 20:00:00', 'Susanna', 'Gay', 3, 'No ha ido mal la compra, tardaron un poco más pero llegó todo bien. ', 51, 3),
(360, 359, 1, '2016-06-14 20:00:00', 'Dicoro', '', 5, '¡Muchas gracias por el comentario y deseamos que disfrute del sofá!', 0, 1),
(361, 0, 1, '2016-06-14 20:00:00', 'Luis Miguel', 'Bonilla', 4, 'La atención ante incidentes nos ha sido eficaz y al final, todo ha quedado como queríamos. ', 11, 3),
(362, 361, 1, '2016-06-14 20:00:00', 'Dicoro', '', 5, 'Nos alegramos que la incidencia tuviera rápida solución ¡Muchas gracias por confiar en nosotros!', 0, 1),
(363, 0, 1, '2016-06-14 20:00:00', 'José', 'Martinez', 4, 'Todo correcto y el armario ha quedado muy bien. ', 13, 3),
(364, 363, 1, '2016-06-14 20:00:00', 'Dicoro', '', 5, '¡El armario Stella es una gran elección, gracias por su compra! ;)', 0, 1),
(365, 0, 1, '2016-06-15 20:00:00', 'SL', 'Impresionant', 5, 'Las montadores son muy profesionales y el trato ha sido siempre muy bueno. Ha ido todo muy bien.', 6, 3),
(366, 365, 1, '2016-06-15 20:00:00', 'Dicoro', '', 5, '¡Muchas gracias por tan buena valoración y nos alegramos que su compra haya sido tan satisfactoria!', 0, 1),
(367, 0, 1, '2016-06-19 20:00:00', 'Sandra', 'Parkas', 4, 'Atención al cliente, diseño de los producto y relación calidad/precio. Pero tener que recorrer toda la tienda cuando solo te interesa una zona específica se hace pesado. ', 21, 5),
(368, 367, 1, '2016-06-19 20:00:00', 'Dicoro', '', 5, 'Hola Sandra y muchas gracias por comentar. La tienda la tenemos dispuesta así de ordenada para que la elección de compra sea más fácil para el cliente. ', 0, 5),
(369, 0, 1, '2016-06-23 20:00:00', 'Fernando ', 'Baena', 3, 'La calidad precio y el trato en tienda es bueno, lástima de los montadores. ', 6, 1),
(370, 369, 1, '2016-06-26 20:00:00', 'Dicoro', '', 5, '¡Lamentamos esa experiencia con los montadores, muchas gracias por comentar!', 0, 1),
(371, 0, 1, '2016-06-25 20:00:00', 'J.J. DIAZ RUIZ AND PARTNERS', 'SL', 4, 'La amabilidad de las cajeras fue destacable y no tengo ningún aspecto del servicio a criticar. ', 24, 3),
(372, 371, 1, '2016-06-26 20:00:00', 'Dicoro', '', 5, '¡Muchas gracias por confiar en nosotros, esperemos que la mesa quede la mar de bien en el comedor!', 0, 1),
(373, 0, 1, '2016-07-03 20:00:00', 'Maria', 'Ordoñez', 4, 'El servicio de la vendedora y de las personas de la tienda de Dicoro ha sido estupendo, pero los montadores deberían tener más cuidado al montar. ', 6, 5),
(374, 373, 1, '2016-07-03 20:00:00', 'Dicoro', '', 5, 'Muchas gracias por su comentario y su confianza, hablaremos con los montadores para que nos digan qué ha pasado. ', 0, 1),
(376, 375, 1, '2015-01-04 22:00:00', 'Dicoro', '', 5, '¡Qué estupenda noticia Juan José! Muchas gracias por dedicarnos su tiempo para valorar nuestro servicio. El trato con el cliente es uno de nuestros pilares corporativos, y más en una compra tan importante como es la de una cocina completa. ¡Gracias por su confianza!', 0, 3),
(377, 0, 1, '2016-07-05 20:00:00', 'Santiago', 'Bail', 5, 'Muy buen servicio y todos los muebles han llegado sin problemas. Nos encanta el sofá. ', 51, 3),
(378, 377, 1, '2016-07-05 20:00:00', 'Dicoro', '', 5, '¡Muchas gracias por el comentario, disfrute del sofá!', 0, 1),
(379, 0, 1, '2016-07-10 20:00:00', 'Eva', 'Gonzalez', 4, 'Unos muebles muy bonitos y ha quedado muy bien la habitación. El personal también es muy amable. ', 77, 1),
(380, 379, 1, '2016-07-10 20:00:00', 'Dicoro', '', 5, '¡Deseamos volverla a ver en otro momento, Eva!', 0, 1),
(381, 0, 1, '2016-07-12 20:00:00', 'Alejandro', 'Gomez', 4, 'Aunque los transportistas llegaron algo tarde, cuando vinieron su servicio fue muy bueno. Tanto el precio como la presentación de los productos también nos gustó. ', 35, 3),
(382, 381, 1, '2016-07-12 20:00:00', 'Dicoro', '', 5, 'Lamentamos ese pequeño retraso pero muchas gracias por comentar y nos alegramos que hayas quedado satisfecho. ', 0, 1),
(383, 0, 1, '2016-07-11 20:00:00', 'Monica', 'Hitscherich', 5, 'El seguimiento y acompañamiento al cliente. Acabo de conoceros y por ahora estoy muy satisfecha si el siguiente pedido que he hechco sigue esta misma línea cambiaré a vuestra tienda como mi tienda base en muebles.', 33, 1),
(384, 383, 1, '2016-07-11 20:00:00', 'Dicoro', '', 5, 'Nos alegramos mucho que estés así de contenta con nosotros y te agradecemos la confianza depositada en nosotros, Monica. ', 0, 1),
(385, 0, 1, '2016-07-19 20:00:00', 'Miguel', 'Hernandez', 5, 'La entrega de la habitación en los plazos establecidos, la preparación del material en sus envoltorios totalmente bien protegidos, y por supuesto que el día del montaje no se terminó del todo y en pocos días se acaba totalmente sin dejar pasar una eternidad para el ultimo toque final. He comprado la primera vez, y no será la última. De momento no se si la segunda vez será igual de bien que la primera en la entrega, material protegido, etc.', 6, 1),
(386, 385, 1, '2016-07-19 20:00:00', 'Dicoro', '', 5, '¡Muchas gracias por el comentario Miguel, nos alegramos de su satisfacción y de su intención de volver a confiar en nosotros si es el caso. ', 0, 1),
(391, 0, 1, '2016-09-11 20:00:00', 'Caraneu', 'SL', 4, 'Muy satisfechos con el sofá. Llegó con el plazo acordado, muy bien.', 51, 2),
(388, 387, 1, '2016-09-01 20:00:00', 'Dicoro', '', 5, '¡Muchas gracias por su apoyo y valoración, lo agradecemos mucho!', 0, 2),
(392, 391, 1, '2016-09-11 20:00:00', 'Dicoro', '', 5, '¡Muchas gracias por su apoyo y valoración, lo agradecemos mucho!', 0, 2),
(393, 0, 1, '2016-09-12 20:00:00', 'Maria', 'Ordoñez', 5, 'A pesar de que hubo un problema con la habitación, los reparadores vinieron muy rápidos y fueron unos auténticos profesionales.', 6, 5),
(394, 393, 1, '2016-09-12 20:00:00', 'Dicoro', '', 5, 'Nos alegramos mucho de que la reparación fuera tan satisfactoria ¡Muchas gracias por su puntuación!', 0, 5),
(395, 0, 1, '2016-09-23 20:00:00', 'Matilde', 'Espluga', 4, 'El colchón es tal como lo esperaba y el envío ha sido bueno y a tiempo. ', 44, 1),
(396, 395, 1, '2016-09-25 20:00:00', 'Dicoro', '', 5, '¡Muchas gracias por confiar en nuestros colchones y que sea de su agrado!', 0, 1),
(397, 0, 1, '2016-11-17 22:00:00', 'Marta', 'Martínez Barriaga', 4, 'Hacer los planes in situ en la tienda es muy útil y no he tenido problemas destacables con la entrega.', 6, 3),
(398, 397, 1, '2016-11-19 22:00:00', 'Dicoro', '', 5, '¡Muchas gracias por el comentario, esperemos que la habitación sea de su agrado!', 0, 3),
(399, 0, 1, '2017-11-14 22:00:00', 'Núria', 'Castell', 5, 'Buena atención y buen mueble. Te dejan personalizar los muebles como quieras y te ayudan en todo momento. Gran empresa.', 26, 3),
(400, 399, 1, '2017-11-15 22:00:00', 'Dicoro', '', 5, 'Hola, Núria. ¡Muchas gracias por tu comentario y por haber dado tu confianza en nuestros muebles! Deseamos volverte a ver por la tienda. ', 0, 3),
(401, 0, 1, '2017-11-09 22:00:00', 'Sonia', 'Oncala', 5, 'Estamos muy contentos con el servicio y los muebles. ', 0, 1),
(402, 401, 1, '2017-11-12 22:00:00', 'Dicoro', '', 5, 'Muchas gracias por su puntuación y comentario, lo agradecemos mucho. Saludos!', 0, 1),
(405, 0, 1, '2017-11-08 22:00:00', 'Teresa', 'De la Cruz', 4, 'El sofá muy bueno y queda genial en el salón. ', 7, 5),
(406, 405, 1, '2017-11-09 22:00:00', 'Dicoro', '', 5, 'Hola, Teresa. Muchas gracias por su valoración y comentario, esperamos que disfrute del sofá. Un saludo!', 0, 1),
(407, 0, 1, '2017-11-11 22:00:00', 'José', 'Navamuel', 5, 'El trato en tienda estupendo, nos asesoraron perfectamente, y encontramos justo el dormitorio que necesitábamos para las niñas. Hemos realizado otras dos compras más, un mueble de salón, y unas sillas de comedor, siendo el trato igual de bueno. El montaje fue rápido, limpio, y super atentos los chicos que vinieron. Podéis dar por seguro que volveré a comprar allí.', 6, 5),
(404, 403, 1, '2017-11-12 22:00:00', 'Dicoro', '', 5, 'Muchas gracias José maria. Agradecemos su extenso comentario y puntuación, esperamos volverle a ver en nuestras tiendas. Un saludo!', 0, 1),
(408, 407, 1, '2017-11-12 22:00:00', 'Dicoro', '', 5, 'Muchas gracias José maria. Agradecemos su extenso comentario y puntuación, esperamos volverle a ver en nuestras tiendas. Un saludo!', 0, 1),
(409, 0, 1, '2017-11-08 22:00:00', 'Beatriz', 'Henao', 5, 'Excelente atención', 2, 3),
(410, 409, 1, '2017-11-08 22:00:00', 'Dicoro', '', 5, 'Muchas gracias por su puntuación y comentario. Estamos muy agradecidos por su excelente nota y esperamos volverla a ver. ¡Saludos!', 0, 1),
(411, 0, 1, '2017-11-06 22:00:00', 'Aleida', 'Aguilar', 4, 'Muy contenta con mi compra, repetiré. ', 2, 3),
(412, 411, 1, '2017-11-07 22:00:00', 'Dicoro', '', 5, '¡Muchas gracias Aleida! Agradecemos la valoración dada y esperamos volverla a ver. Saludos!', 0, 3),
(413, 0, 1, '2017-10-09 20:00:00', 'Manuel', 'Cerecco', 4, 'Nos llevamos unos muebles y todo muy bien. ', 3, 3),
(414, 413, 1, '2017-10-10 20:00:00', 'Dicoro', '', 5, 'Hola, Manuel. ¡Agradecemos la valoración que nos ha otorgado y esperemos volver a contar contigo en una próxima compra!', 0, 3),
(415, 0, 1, '2017-10-03 20:00:00', 'Marian', 'Portal', 4, 'Excelente calidad', 2, 3),
(416, 415, 1, '2017-10-05 20:00:00', 'Dicoro', '', 5, 'Hola. Muchas gracias por su puntuación, lo agradecemos mucho. ¡Deseamos volverla a ver en nuestra tienda!', 0, 3),
(417, 0, 1, '2017-10-07 20:00:00', 'Jordi', 'Parreño', 4, 'Muy contentos con la cama y la atención', 15, 3),
(418, 417, 1, '2017-10-08 20:00:00', 'Dicoro', '', 5, '¡Hola! Muchas gracias por tu valoración y esperamos que en un futuro vuelva a confiar en nosotros.', 0, 3),
(419, 0, 1, '2017-12-06 22:00:00', 'Marta', 'M', 5, 'Excelente relación calidad-precio, muy contenta con la atención recibida. Los valoro positivamente', 46, 3),
(421, 419, 1, '2018-01-28 22:00:00', 'Dicoro', '', 5, 'Muchas Gracias por su comentario Marta, nos ayuda a mejorar', 46, 3),
(422, 0, 1, '2018-03-05 22:00:00', 'CARLES ', 'DOMINGO PASET', 4, 'Muy contento con el colchón, esta semana me ha llegado y me parece muy cómodo', 46, 1);

/*!40101 SET CHARACTER_SET_CLIENT=@OLD_CHARACTER_SET_CLIENT */;
/*!40101 SET CHARACTER_SET_RESULTS=@OLD_CHARACTER_SET_RESULTS */;
/*!40101 SET COLLATION_CONNECTION=@OLD_COLLATION_CONNECTION */;
